codigo,descripcion,monto
PROD-00001,Dell Gabinete - Modelo 587,1302.74
PROD-00002,Razer Auricular - Modelo 723,470.41
PROD-00003,LG Gabinete - Modelo 840,2990.24
PROD-00004,Logitech Fuente - Modelo 558,3955.94
PROD-00005,Logitech Gabinete - Modelo 589,1711.3
PROD-00006,HP Mouse - Modelo 391,817.78
PROD-00007,Logitech Mouse - Modelo 136,433.87
PROD-00008,HP SSD - Modelo 717,4653.35
PROD-00009,ASUS Webcam - Modelo 429,4270.24
PROD-00010,Sony Monitor - Modelo 636,3799.13
PROD-00011,Kingston SSD - Modelo 960,1734.42
PROD-00012,ASUS Mouse - Modelo 229,1094.03
PROD-00013,Corsair Fuente - Modelo 510,2982.67
PROD-00014,ASUS Webcam - Modelo 115,3865.88
PROD-00015,LG RAM - Modelo 845,1838.34
PROD-00016,Razer Auricular - Modelo 633,3668.69
PROD-00017,ASUS RAM - Modelo 598,4840.02
PROD-00018,ASUS SSD - Modelo 272,470.91
PROD-00019,Samsung Monitor - Modelo 607,3242.56
PROD-00020,Corsair Teclado - Modelo 347,2773.36
PROD-00021,Logitech Fuente - Modelo 653,1503.93
PROD-00022,Sony Teclado - Modelo 692,1037.47
PROD-00023,LG RAM - Modelo 808,1965.93
PROD-00024,Dell Mouse - Modelo 933,4097.01
PROD-00025,Corsair Monitor - Modelo 781,868.87
PROD-00026,Samsung Auricular - Modelo 612,2444.65
PROD-00027,Razer RAM - Modelo 956,3128.23
PROD-00028,Logitech SSD - Modelo 674,2627.75
PROD-00029,Corsair Teclado - Modelo 953,4984.86
PROD-00030,HP Webcam - Modelo 111,4590.04
PROD-00031,Samsung SSD - Modelo 188,4146.35
PROD-00032,HP Gabinete - Modelo 991,880.12
PROD-00033,Razer Laptop - Modelo 755,1600.04
PROD-00034,Kingston SSD - Modelo 573,2482.64
PROD-00035,Samsung Webcam - Modelo 921,4580.07
PROD-00036,Sony Teclado - Modelo 960,912.74
PROD-00037,Samsung RAM - Modelo 532,1102.68
PROD-00038,Razer Gabinete - Modelo 861,2132.4
PROD-00039,Razer Auricular - Modelo 440,686.13
PROD-00040,Logitech Webcam - Modelo 191,557.25
PROD-00041,Samsung Mouse - Modelo 562,4065.69
PROD-00042,Razer RAM - Modelo 585,118.39
PROD-00043,Corsair Webcam - Modelo 729,694.44
PROD-00044,ASUS Mouse - Modelo 953,3487.13
PROD-00045,Kingston Webcam - Modelo 378,4572.21
PROD-00046,Razer SSD - Modelo 633,3305.07
PROD-00047,LG Laptop - Modelo 976,1279.36
PROD-00048,Dell RAM - Modelo 653,3015.44
PROD-00049,Kingston Fuente - Modelo 220,751.13
PROD-00050,Corsair Auricular - Modelo 906,2224.07
PROD-00051,Corsair Gabinete - Modelo 166,397.3
PROD-00052,HP Webcam - Modelo 751,3021.68
PROD-00053,Kingston Teclado - Modelo 433,644.59
PROD-00054,Dell Webcam - Modelo 717,3263.0
PROD-00055,HP Teclado - Modelo 720,2242.39
PROD-00056,Razer Auricular - Modelo 787,1185.3
PROD-00057,Logitech Mouse - Modelo 415,2437.36
PROD-00058,Dell SSD - Modelo 901,2230.52
PROD-00059,Logitech Laptop - Modelo 946,1716.71
PROD-00060,Logitech Mouse - Modelo 114,3001.91
PROD-00061,HP SSD - Modelo 771,1877.04
PROD-00062,Corsair Gabinete - Modelo 636,273.94
PROD-00063,Sony Fuente - Modelo 645,3825.74
PROD-00064,Razer SSD - Modelo 302,512.97
PROD-00065,Kingston Teclado - Modelo 439,1535.14
PROD-00066,Kingston Laptop - Modelo 514,1128.17
PROD-00067,Sony Auricular - Modelo 471,4879.4
PROD-00068,Corsair Monitor - Modelo 995,3172.66
PROD-00069,Samsung Gabinete - Modelo 824,2661.62
PROD-00070,HP Monitor - Modelo 558,2748.4
PROD-00071,ASUS Monitor - Modelo 545,479.2
PROD-00072,Corsair Laptop - Modelo 915,2282.52
PROD-00073,ASUS Auricular - Modelo 132,536.85
PROD-00074,Corsair Laptop - Modelo 273,3857.33
PROD-00075,Sony Mouse - Modelo 911,1037.41
PROD-00076,Kingston Monitor - Modelo 972,1823.25
PROD-00077,Logitech Monitor - Modelo 230,4565.61
PROD-00078,Kingston Webcam - Modelo 753,2618.6
PROD-00079,LG Fuente - Modelo 926,4629.15
PROD-00080,Sony RAM - Modelo 744,2313.38
PROD-00081,Samsung Laptop - Modelo 157,4685.79
PROD-00082,HP Laptop - Modelo 960,1824.92
PROD-00083,Sony Fuente - Modelo 957,4447.29
PROD-00084,Razer Fuente - Modelo 874,2093.23
PROD-00085,Dell Teclado - Modelo 380,2002.35
PROD-00086,Kingston RAM - Modelo 671,2242.49
PROD-00087,Dell RAM - Modelo 492,2337.72
PROD-00088,Corsair Auricular - Modelo 876,3900.06
PROD-00089,Logitech RAM - Modelo 845,1779.87
PROD-00090,LG Mouse - Modelo 612,3155.27
PROD-00091,HP Webcam - Modelo 831,1565.22
PROD-00092,Logitech Teclado - Modelo 688,2938.98
PROD-00093,HP Mouse - Modelo 171,2681.91
PROD-00094,Samsung Gabinete - Modelo 686,4180.92
PROD-00095,Logitech SSD - Modelo 942,4716.8
PROD-00096,Dell Mouse - Modelo 609,3343.66
PROD-00097,Kingston SSD - Modelo 945,2127.38
PROD-00098,HP Laptop - Modelo 922,987.57
PROD-00099,HP Monitor - Modelo 811,693.25
PROD-00100,HP Laptop - Modelo 282,2194.35
PROD-00101,Corsair Teclado - Modelo 765,4035.08
PROD-00102,Kingston Auricular - Modelo 232,3733.36
PROD-00103,Dell Mouse - Modelo 443,1217.73
PROD-00104,LG Monitor - Modelo 256,1443.69
PROD-00105,Logitech RAM - Modelo 255,2006.58
PROD-00106,Razer Fuente - Modelo 454,3531.67
PROD-00107,Logitech Monitor - Modelo 583,97.74
PROD-00108,HP Monitor - Modelo 438,961.43
PROD-00109,Logitech Fuente - Modelo 281,2940.09
PROD-00110,Logitech Laptop - Modelo 494,4570.76
PROD-00111,Razer Fuente - Modelo 577,3707.86
PROD-00112,Logitech Teclado - Modelo 939,454.91
PROD-00113,Logitech Laptop - Modelo 409,1126.68
PROD-00114,Razer Gabinete - Modelo 705,2990.97
PROD-00115,Dell Teclado - Modelo 261,2215.25
PROD-00116,Dell Monitor - Modelo 319,499.03
PROD-00117,Samsung Monitor - Modelo 327,1977.64
PROD-00118,Corsair SSD - Modelo 368,3377.2
PROD-00119,Corsair Fuente - Modelo 411,1178.16
PROD-00120,Razer Laptop - Modelo 954,2943.68
PROD-00121,Sony RAM - Modelo 227,1224.16
PROD-00122,Dell Monitor - Modelo 325,207.27
PROD-00123,Corsair Gabinete - Modelo 173,1529.48
PROD-00124,ASUS Mouse - Modelo 122,146.62
PROD-00125,LG RAM - Modelo 761,3957.14
PROD-00126,Kingston RAM - Modelo 202,3872.58
PROD-00127,Samsung Laptop - Modelo 326,2253.83
PROD-00128,HP Auricular - Modelo 151,150.88
PROD-00129,ASUS RAM - Modelo 364,1971.75
PROD-00130,ASUS Gabinete - Modelo 722,4676.38
PROD-00131,Kingston Laptop - Modelo 244,4603.21
PROD-00132,Samsung Teclado - Modelo 645,65.77
PROD-00133,Dell Webcam - Modelo 939,4408.93
PROD-00134,Dell Monitor - Modelo 633,2393.54
PROD-00135,Dell Monitor - Modelo 440,4126.99
PROD-00136,Samsung Monitor - Modelo 124,1370.8
PROD-00137,Samsung Mouse - Modelo 953,1207.41
PROD-00138,Kingston Teclado - Modelo 894,4112.01
PROD-00139,HP Gabinete - Modelo 668,3562.91
PROD-00140,ASUS Laptop - Modelo 660,2690.6
PROD-00141,Dell Teclado - Modelo 505,2802.25
PROD-00142,ASUS Gabinete - Modelo 504,2381.88
PROD-00143,Kingston Auricular - Modelo 724,2016.29
PROD-00144,Dell Monitor - Modelo 762,4184.12
PROD-00145,Sony Gabinete - Modelo 158,4629.62
PROD-00146,Sony Monitor - Modelo 876,4353.89
PROD-00147,LG Auricular - Modelo 623,2091.91
PROD-00148,Logitech Fuente - Modelo 443,4617.59
PROD-00149,HP Auricular - Modelo 521,3799.3
PROD-00150,Razer Fuente - Modelo 885,4535.96
PROD-00151,LG Gabinete - Modelo 202,1203.29
PROD-00152,Dell RAM - Modelo 377,3276.35
PROD-00153,Razer Fuente - Modelo 468,2821.7
PROD-00154,Samsung RAM - Modelo 435,1671.56
PROD-00155,Sony Auricular - Modelo 168,2373.68
PROD-00156,Razer Monitor - Modelo 532,233.25
PROD-00157,HP Auricular - Modelo 932,2013.1
PROD-00158,LG RAM - Modelo 807,887.57
PROD-00159,Kingston SSD - Modelo 328,433.75
PROD-00160,Corsair Fuente - Modelo 678,1883.77
PROD-00161,ASUS SSD - Modelo 599,1650.86
PROD-00162,Samsung Monitor - Modelo 104,2781.73
PROD-00163,HP RAM - Modelo 228,1054.02
PROD-00164,HP Teclado - Modelo 326,1397.76
PROD-00165,Sony Monitor - Modelo 763,2188.46
PROD-00166,Samsung Laptop - Modelo 379,1711.64
PROD-00167,Kingston SSD - Modelo 104,2215.0
PROD-00168,Samsung Mouse - Modelo 421,4509.03
PROD-00169,HP Gabinete - Modelo 667,4099.19
PROD-00170,Razer Fuente - Modelo 734,1355.31
PROD-00171,Razer Gabinete - Modelo 894,461.53
PROD-00172,Razer Mouse - Modelo 540,4515.35
PROD-00173,Kingston RAM - Modelo 745,3252.38
PROD-00174,Razer Fuente - Modelo 150,2410.78
PROD-00175,ASUS RAM - Modelo 407,898.04
PROD-00176,LG Teclado - Modelo 169,819.1
PROD-00177,HP Webcam - Modelo 993,580.87
PROD-00178,Samsung Mouse - Modelo 282,4533.03
PROD-00179,Sony Fuente - Modelo 666,612.53
PROD-00180,HP Webcam - Modelo 338,1215.18
PROD-00181,ASUS Gabinete - Modelo 319,2812.16
PROD-00182,LG Laptop - Modelo 163,818.8
PROD-00183,Dell Laptop - Modelo 720,3296.82
PROD-00184,LG RAM - Modelo 162,961.9
PROD-00185,ASUS Auricular - Modelo 176,2908.7
PROD-00186,HP Fuente - Modelo 747,3984.14
PROD-00187,LG Fuente - Modelo 398,4984.08
PROD-00188,Sony Fuente - Modelo 153,2537.99
PROD-00189,ASUS Laptop - Modelo 670,2490.76
PROD-00190,Sony SSD - Modelo 800,2336.75
PROD-00191,Dell Fuente - Modelo 472,1514.81
PROD-00192,Dell Gabinete - Modelo 519,4806.94
PROD-00193,Sony Auricular - Modelo 988,1338.72
PROD-00194,Dell Auricular - Modelo 377,429.4
PROD-00195,Sony Auricular - Modelo 256,1056.25
PROD-00196,Razer Teclado - Modelo 710,4617.44
PROD-00197,Samsung Laptop - Modelo 720,2317.54
PROD-00198,Corsair SSD - Modelo 836,2695.07
PROD-00199,ASUS Fuente - Modelo 680,2385.39
PROD-00200,Samsung RAM - Modelo 277,2318.57
PROD-00201,Samsung Webcam - Modelo 546,2909.04
PROD-00202,Logitech Webcam - Modelo 806,1412.58
PROD-00203,Dell Webcam - Modelo 130,1338.52
PROD-00204,Razer Auricular - Modelo 258,1768.37
PROD-00205,Logitech Gabinete - Modelo 669,761.11
PROD-00206,LG Monitor - Modelo 504,2668.49
PROD-00207,Sony Webcam - Modelo 257,4403.87
PROD-00208,ASUS Mouse - Modelo 352,681.8
PROD-00209,Kingston RAM - Modelo 731,1138.28
PROD-00210,Samsung Fuente - Modelo 506,196.28
PROD-00211,ASUS Teclado - Modelo 896,2150.27
PROD-00212,Kingston Gabinete - Modelo 710,931.94
PROD-00213,Dell SSD - Modelo 547,3972.35
PROD-00214,Kingston SSD - Modelo 125,1228.28
PROD-00215,Samsung Gabinete - Modelo 400,4015.14
PROD-00216,ASUS RAM - Modelo 992,3342.41
PROD-00217,Corsair Gabinete - Modelo 376,2646.01
PROD-00218,Samsung Fuente - Modelo 389,3035.92
PROD-00219,Corsair Teclado - Modelo 947,1040.66
PROD-00220,HP Auricular - Modelo 419,2007.42
PROD-00221,LG Auricular - Modelo 218,4867.97
PROD-00222,Kingston Auricular - Modelo 621,113.34
PROD-00223,Sony Gabinete - Modelo 581,3789.98
PROD-00224,Logitech SSD - Modelo 781,582.57
PROD-00225,Kingston RAM - Modelo 679,3974.92
PROD-00226,Sony Mouse - Modelo 588,2971.97
PROD-00227,Corsair Fuente - Modelo 827,2285.89
PROD-00228,ASUS Mouse - Modelo 996,4519.79
PROD-00229,LG Webcam - Modelo 296,3643.65
PROD-00230,HP Webcam - Modelo 566,1339.56
PROD-00231,Corsair Mouse - Modelo 209,4952.52
PROD-00232,LG Gabinete - Modelo 672,3812.11
PROD-00233,Corsair Monitor - Modelo 365,2638.21
PROD-00234,HP Laptop - Modelo 568,2559.4
PROD-00235,Samsung Monitor - Modelo 440,3337.28
PROD-00236,Corsair Laptop - Modelo 330,1584.14
PROD-00237,ASUS Auricular - Modelo 112,4524.82
PROD-00238,Dell Gabinete - Modelo 754,2635.51
PROD-00239,Sony Gabinete - Modelo 812,692.95
PROD-00240,HP Mouse - Modelo 579,1471.02
PROD-00241,HP Gabinete - Modelo 479,805.95
PROD-00242,Logitech Teclado - Modelo 325,2698.5
PROD-00243,Sony Webcam - Modelo 301,3918.64
PROD-00244,Logitech Mouse - Modelo 798,4854.88
PROD-00245,HP SSD - Modelo 308,3586.89
PROD-00246,Dell Fuente - Modelo 920,3447.83
PROD-00247,HP Monitor - Modelo 133,1251.63
PROD-00248,Kingston Mouse - Modelo 349,3222.47
PROD-00249,Logitech Auricular - Modelo 840,3721.68
PROD-00250,HP Webcam - Modelo 138,4737.35
PROD-00251,HP Fuente - Modelo 425,2635.98
PROD-00252,Kingston Monitor - Modelo 804,4590.06
PROD-00253,HP Webcam - Modelo 470,162.05
PROD-00254,Logitech Auricular - Modelo 937,3640.57
PROD-00255,Logitech SSD - Modelo 399,3113.59
PROD-00256,Dell Fuente - Modelo 889,2681.13
PROD-00257,Logitech Mouse - Modelo 632,2361.7
PROD-00258,ASUS Mouse - Modelo 864,1896.04
PROD-00259,Sony Auricular - Modelo 183,1876.15
PROD-00260,Samsung RAM - Modelo 151,4083.89
PROD-00261,Logitech Monitor - Modelo 799,247.63
PROD-00262,Dell Webcam - Modelo 131,4978.58
PROD-00263,Samsung Mouse - Modelo 416,1520.93
PROD-00264,Logitech Monitor - Modelo 365,4409.12
PROD-00265,Kingston Fuente - Modelo 830,4967.72
PROD-00266,Samsung SSD - Modelo 201,3710.49
PROD-00267,Razer Teclado - Modelo 627,3501.55
PROD-00268,Razer SSD - Modelo 560,3159.52
PROD-00269,Samsung Gabinete - Modelo 498,4006.31
PROD-00270,Sony SSD - Modelo 860,4929.96
PROD-00271,LG Monitor - Modelo 683,2450.21
PROD-00272,Corsair Teclado - Modelo 571,3126.18
PROD-00273,Razer Auricular - Modelo 770,2475.19
PROD-00274,Logitech Gabinete - Modelo 612,4099.56
PROD-00275,LG Mouse - Modelo 871,992.77
PROD-00276,Logitech RAM - Modelo 885,3670.78
PROD-00277,Razer Fuente - Modelo 541,1902.24
PROD-00278,Dell SSD - Modelo 516,2188.39
PROD-00279,ASUS Mouse - Modelo 579,3662.0
PROD-00280,ASUS Mouse - Modelo 519,2308.93
PROD-00281,Samsung Fuente - Modelo 546,2482.46
PROD-00282,ASUS Laptop - Modelo 240,545.26
PROD-00283,Razer Gabinete - Modelo 527,2298.64
PROD-00284,Sony SSD - Modelo 126,3984.68
PROD-00285,ASUS RAM - Modelo 353,4420.8
PROD-00286,Corsair SSD - Modelo 945,2456.47
PROD-00287,Dell Mouse - Modelo 502,4921.4
PROD-00288,HP Mouse - Modelo 195,1240.72
PROD-00289,Logitech Gabinete - Modelo 839,3708.55
PROD-00290,Samsung Fuente - Modelo 584,2125.06
PROD-00291,Razer Fuente - Modelo 150,1735.91
PROD-00292,Corsair Laptop - Modelo 962,3630.34
PROD-00293,LG Gabinete - Modelo 703,1136.71
PROD-00294,Razer Fuente - Modelo 451,2915.16
PROD-00295,Razer Mouse - Modelo 444,1141.6
PROD-00296,HP Auricular - Modelo 230,1899.29
PROD-00297,HP SSD - Modelo 573,4188.41
PROD-00298,HP Fuente - Modelo 848,872.89
PROD-00299,Logitech Webcam - Modelo 279,599.03
PROD-00300,Corsair Teclado - Modelo 664,1344.92
PROD-00301,ASUS Auricular - Modelo 355,2652.66
PROD-00302,Dell SSD - Modelo 491,3470.04
PROD-00303,Logitech Laptop - Modelo 623,4381.16
PROD-00304,Kingston Laptop - Modelo 817,2522.46
PROD-00305,HP Monitor - Modelo 284,1576.56
PROD-00306,Kingston RAM - Modelo 640,3963.65
PROD-00307,Kingston Teclado - Modelo 115,4987.31
PROD-00308,ASUS RAM - Modelo 730,1696.91
PROD-00309,HP Monitor - Modelo 102,1937.46
PROD-00310,Sony Webcam - Modelo 562,2985.16
PROD-00311,Razer Auricular - Modelo 716,1710.48
PROD-00312,Logitech Webcam - Modelo 378,1719.72
PROD-00313,HP Fuente - Modelo 823,3002.25
PROD-00314,LG SSD - Modelo 925,3053.36
PROD-00315,Logitech Laptop - Modelo 689,3805.32
PROD-00316,HP Gabinete - Modelo 569,1234.58
PROD-00317,Logitech Monitor - Modelo 789,1372.16
PROD-00318,Dell Teclado - Modelo 226,2243.74
PROD-00319,Sony Gabinete - Modelo 669,4593.81
PROD-00320,ASUS SSD - Modelo 435,4772.92
PROD-00321,Sony Gabinete - Modelo 655,2309.06
PROD-00322,Samsung Webcam - Modelo 468,3609.46
PROD-00323,ASUS RAM - Modelo 891,712.61
PROD-00324,LG Fuente - Modelo 459,3514.76
PROD-00325,Samsung Fuente - Modelo 469,494.66
PROD-00326,Sony Webcam - Modelo 810,3987.56
PROD-00327,Samsung SSD - Modelo 222,4794.87
PROD-00328,Razer Gabinete - Modelo 731,442.66
PROD-00329,Kingston Webcam - Modelo 117,2401.37
PROD-00330,ASUS Fuente - Modelo 225,4341.22
PROD-00331,Kingston Teclado - Modelo 163,4003.12
PROD-00332,ASUS Teclado - Modelo 792,1142.35
PROD-00333,Corsair RAM - Modelo 374,2674.1
PROD-00334,HP Teclado - Modelo 325,1219.26
PROD-00335,Razer Monitor - Modelo 234,1290.11
PROD-00336,Sony Fuente - Modelo 194,939.37
PROD-00337,Dell Fuente - Modelo 776,2572.04
PROD-00338,Razer RAM - Modelo 166,3129.13
PROD-00339,Dell Auricular - Modelo 120,1327.37
PROD-00340,ASUS RAM - Modelo 728,2558.39
PROD-00341,Razer RAM - Modelo 994,1040.14
PROD-00342,LG Webcam - Modelo 169,4316.11
PROD-00343,LG Webcam - Modelo 803,4098.59
PROD-00344,HP Fuente - Modelo 426,417.35
PROD-00345,Logitech Monitor - Modelo 992,3816.06
PROD-00346,LG Auricular - Modelo 260,1682.04
PROD-00347,Samsung Mouse - Modelo 482,432.18
PROD-00348,ASUS Gabinete - Modelo 652,4308.38
PROD-00349,Samsung Auricular - Modelo 206,2349.67
PROD-00350,Corsair Gabinete - Modelo 610,190.58
PROD-00351,Sony Monitor - Modelo 902,1762.07
PROD-00352,Razer Gabinete - Modelo 616,2924.35
PROD-00353,LG Teclado - Modelo 763,2147.48
PROD-00354,Samsung Mouse - Modelo 353,2643.41
PROD-00355,Kingston Laptop - Modelo 915,4314.76
PROD-00356,Logitech SSD - Modelo 769,2248.9
PROD-00357,Kingston Teclado - Modelo 604,2230.27
PROD-00358,HP RAM - Modelo 715,3676.25
PROD-00359,Corsair Laptop - Modelo 778,4531.41
PROD-00360,LG Auricular - Modelo 365,3105.41
PROD-00361,Samsung Webcam - Modelo 721,3790.79
PROD-00362,Corsair Webcam - Modelo 824,3190.14
PROD-00363,LG Auricular - Modelo 973,1030.62
PROD-00364,Razer Gabinete - Modelo 643,668.56
PROD-00365,Logitech SSD - Modelo 736,887.48
PROD-00366,Corsair Mouse - Modelo 164,42.36
PROD-00367,Samsung Monitor - Modelo 574,4750.72
PROD-00368,Samsung RAM - Modelo 434,3397.96
PROD-00369,Samsung Fuente - Modelo 857,3823.68
PROD-00370,Samsung Gabinete - Modelo 214,2544.42
PROD-00371,ASUS Webcam - Modelo 331,456.64
PROD-00372,Kingston Teclado - Modelo 673,1921.37
PROD-00373,Samsung Monitor - Modelo 457,3455.33
PROD-00374,Logitech Webcam - Modelo 104,2270.46
PROD-00375,Sony Gabinete - Modelo 384,3710.05
PROD-00376,Samsung Webcam - Modelo 560,3462.28
PROD-00377,Corsair Teclado - Modelo 734,1003.33
PROD-00378,Samsung Mouse - Modelo 661,1597.38
PROD-00379,Razer Laptop - Modelo 278,26.31
PROD-00380,LG Mouse - Modelo 126,622.99
PROD-00381,Logitech Monitor - Modelo 411,3945.44
PROD-00382,Razer Laptop - Modelo 214,2707.38
PROD-00383,Samsung Fuente - Modelo 354,4260.25
PROD-00384,Logitech Laptop - Modelo 873,2917.58
PROD-00385,Logitech Gabinete - Modelo 697,2387.14
PROD-00386,Sony Laptop - Modelo 486,918.0
PROD-00387,ASUS Fuente - Modelo 263,103.14
PROD-00388,Kingston RAM - Modelo 646,3460.57
PROD-00389,HP Webcam - Modelo 550,1563.58
PROD-00390,ASUS Gabinete - Modelo 873,2392.5
PROD-00391,Dell SSD - Modelo 636,1469.98
PROD-00392,Razer RAM - Modelo 873,2149.38
PROD-00393,Logitech RAM - Modelo 890,3452.81
PROD-00394,Dell Gabinete - Modelo 380,268.02
PROD-00395,Sony RAM - Modelo 793,3252.67
PROD-00396,Logitech SSD - Modelo 721,4658.91
PROD-00397,Razer Teclado - Modelo 219,443.67
PROD-00398,Razer Monitor - Modelo 380,2888.02
PROD-00399,HP Mouse - Modelo 695,3967.05
PROD-00400,Razer Webcam - Modelo 500,4474.02
PROD-00401,LG Laptop - Modelo 744,2295.54
PROD-00402,Sony Laptop - Modelo 739,4715.61
PROD-00403,ASUS RAM - Modelo 271,1393.27
PROD-00404,Samsung SSD - Modelo 750,3226.12
PROD-00405,Dell Monitor - Modelo 902,1728.71
PROD-00406,Razer SSD - Modelo 476,331.75
PROD-00407,Sony Fuente - Modelo 143,2833.7
PROD-00408,Razer Webcam - Modelo 351,4854.72
PROD-00409,LG SSD - Modelo 765,2499.69
PROD-00410,Logitech Monitor - Modelo 257,3441.99
PROD-00411,Kingston Gabinete - Modelo 566,2358.22
PROD-00412,LG Monitor - Modelo 802,395.33
PROD-00413,Razer RAM - Modelo 352,1736.01
PROD-00414,Sony RAM - Modelo 766,1540.77
PROD-00415,HP Webcam - Modelo 874,199.78
PROD-00416,LG Webcam - Modelo 423,1351.35
PROD-00417,Corsair Monitor - Modelo 240,2370.56
PROD-00418,Razer Auricular - Modelo 739,520.02
PROD-00419,LG Monitor - Modelo 423,2017.52
PROD-00420,LG RAM - Modelo 383,2113.13
PROD-00421,Sony RAM - Modelo 490,3823.91
PROD-00422,Razer Gabinete - Modelo 611,4525.11
PROD-00423,Razer Webcam - Modelo 520,4051.98
PROD-00424,Corsair RAM - Modelo 106,2058.61
PROD-00425,Corsair Fuente - Modelo 720,3962.09
PROD-00426,Razer Webcam - Modelo 731,549.29
PROD-00427,Razer Webcam - Modelo 409,3581.43
PROD-00428,ASUS RAM - Modelo 211,1510.04
PROD-00429,HP Mouse - Modelo 308,495.39
PROD-00430,Kingston RAM - Modelo 560,144.35
PROD-00431,Dell Mouse - Modelo 212,3911.81
PROD-00432,ASUS Mouse - Modelo 797,3637.76
PROD-00433,Dell Gabinete - Modelo 373,3400.7
PROD-00434,LG Auricular - Modelo 927,4756.59
PROD-00435,HP Auricular - Modelo 836,3216.42
PROD-00436,Corsair RAM - Modelo 744,168.13
PROD-00437,Razer Monitor - Modelo 696,295.44
PROD-00438,HP Mouse - Modelo 202,882.71
PROD-00439,Samsung RAM - Modelo 731,3026.91
PROD-00440,Dell Auricular - Modelo 903,2133.99
PROD-00441,Logitech Webcam - Modelo 670,243.83
PROD-00442,Kingston Auricular - Modelo 422,364.72
PROD-00443,LG Monitor - Modelo 304,314.59
PROD-00444,Razer Fuente - Modelo 825,2858.33
PROD-00445,LG Webcam - Modelo 214,88.16
PROD-00446,Razer Gabinete - Modelo 777,114.86
PROD-00447,LG Gabinete - Modelo 964,4594.53
PROD-00448,Sony Gabinete - Modelo 854,1084.16
PROD-00449,Corsair Webcam - Modelo 583,4357.77
PROD-00450,Kingston Laptop - Modelo 389,4386.8
PROD-00451,LG Auricular - Modelo 234,3879.7
PROD-00452,Samsung SSD - Modelo 826,3292.28
PROD-00453,Dell Monitor - Modelo 687,1281.58
PROD-00454,ASUS Auricular - Modelo 285,2952.02
PROD-00455,Samsung Fuente - Modelo 956,4766.71
PROD-00456,Corsair Teclado - Modelo 303,1804.99
PROD-00457,Dell Webcam - Modelo 343,3110.44
PROD-00458,Samsung Fuente - Modelo 890,2555.29
PROD-00459,LG Gabinete - Modelo 658,4566.23
PROD-00460,LG Monitor - Modelo 352,3419.58
PROD-00461,Dell Webcam - Modelo 145,2350.79
PROD-00462,Kingston Gabinete - Modelo 182,3453.52
PROD-00463,Sony Fuente - Modelo 991,3166.61
PROD-00464,ASUS Mouse - Modelo 740,2382.55
PROD-00465,Samsung Monitor - Modelo 894,1306.72
PROD-00466,LG Mouse - Modelo 582,4014.08
PROD-00467,Sony Gabinete - Modelo 499,3384.58
PROD-00468,Kingston Teclado - Modelo 317,466.35
PROD-00469,LG Gabinete - Modelo 174,4078.97
PROD-00470,Sony Laptop - Modelo 422,3597.2
PROD-00471,Logitech Mouse - Modelo 338,4339.55
PROD-00472,Corsair Fuente - Modelo 697,3710.07
PROD-00473,Samsung Teclado - Modelo 235,4037.84
PROD-00474,Sony Gabinete - Modelo 532,4441.83
PROD-00475,Logitech Monitor - Modelo 312,2226.22
PROD-00476,LG Auricular - Modelo 674,2504.8
PROD-00477,Logitech Mouse - Modelo 796,4459.3
PROD-00478,Dell Webcam - Modelo 712,3703.76
PROD-00479,Sony Gabinete - Modelo 374,207.8
PROD-00480,Samsung Monitor - Modelo 571,3969.9
PROD-00481,LG Webcam - Modelo 981,3013.37
PROD-00482,Razer Monitor - Modelo 292,499.09
PROD-00483,Logitech Fuente - Modelo 423,1108.78
PROD-00484,Corsair Gabinete - Modelo 391,951.14
PROD-00485,Samsung Monitor - Modelo 304,1057.85
PROD-00486,Sony Laptop - Modelo 217,2665.75
PROD-00487,ASUS Auricular - Modelo 943,2634.34
PROD-00488,LG Fuente - Modelo 820,663.26
PROD-00489,Samsung Auricular - Modelo 823,1419.0
PROD-00490,HP Laptop - Modelo 451,2215.4
PROD-00491,Logitech Teclado - Modelo 741,1856.85
PROD-00492,Sony SSD - Modelo 987,3679.23
PROD-00493,Kingston Auricular - Modelo 219,3783.42
PROD-00494,Sony Mouse - Modelo 192,3955.78
PROD-00495,Razer Auricular - Modelo 585,4187.14
PROD-00496,Corsair Fuente - Modelo 874,4116.96
PROD-00497,Razer Mouse - Modelo 149,3654.3
PROD-00498,Corsair RAM - Modelo 264,2296.74
PROD-00499,Kingston Gabinete - Modelo 130,4614.66
PROD-00500,Razer Mouse - Modelo 863,1006.71
PROD-00501,Kingston SSD - Modelo 977,3704.2
PROD-00502,Kingston Laptop - Modelo 736,3257.32
PROD-00503,Sony Teclado - Modelo 114,320.45
PROD-00504,Kingston Teclado - Modelo 662,1496.41
PROD-00505,ASUS Mouse - Modelo 636,56.23
PROD-00506,Logitech Fuente - Modelo 559,3990.54
PROD-00507,Dell Gabinete - Modelo 955,3364.58
PROD-00508,ASUS SSD - Modelo 627,779.07
PROD-00509,Sony Teclado - Modelo 726,2039.07
PROD-00510,Razer Webcam - Modelo 131,236.79
PROD-00511,Logitech Monitor - Modelo 206,4335.16
PROD-00512,Logitech Gabinete - Modelo 674,3886.63
PROD-00513,Corsair Gabinete - Modelo 212,1108.81
PROD-00514,ASUS Monitor - Modelo 485,1099.01
PROD-00515,Kingston Teclado - Modelo 250,2564.05
PROD-00516,ASUS Webcam - Modelo 920,871.41
PROD-00517,Sony Teclado - Modelo 917,4524.46
PROD-00518,HP Monitor - Modelo 885,1557.66
PROD-00519,Sony Mouse - Modelo 267,502.25
PROD-00520,Razer Teclado - Modelo 634,883.06
PROD-00521,LG Gabinete - Modelo 273,4240.74
PROD-00522,HP Mouse - Modelo 575,3355.14
PROD-00523,Kingston Teclado - Modelo 238,1644.63
PROD-00524,Razer SSD - Modelo 642,2899.77
PROD-00525,LG Auricular - Modelo 221,2978.53
PROD-00526,ASUS Auricular - Modelo 433,4189.94
PROD-00527,HP Monitor - Modelo 840,2231.32
PROD-00528,ASUS Monitor - Modelo 616,2814.48
PROD-00529,Dell Gabinete - Modelo 704,3153.68
PROD-00530,Razer Mouse - Modelo 162,3368.03
PROD-00531,Corsair Fuente - Modelo 893,759.41
PROD-00532,Razer RAM - Modelo 595,4301.1
PROD-00533,Logitech Gabinete - Modelo 372,2357.48
PROD-00534,Razer SSD - Modelo 374,3888.61
PROD-00535,Razer Fuente - Modelo 653,4968.18
PROD-00536,LG Auricular - Modelo 657,340.25
PROD-00537,Kingston Webcam - Modelo 993,4340.49
PROD-00538,HP Gabinete - Modelo 917,4115.35
PROD-00539,Sony RAM - Modelo 155,909.0
PROD-00540,LG Monitor - Modelo 134,3621.67
PROD-00541,Kingston RAM - Modelo 907,3254.55
PROD-00542,Kingston Webcam - Modelo 635,1949.63
PROD-00543,Dell Monitor - Modelo 387,1375.42
PROD-00544,Kingston Teclado - Modelo 813,4228.89
PROD-00545,Samsung Fuente - Modelo 398,3493.52
PROD-00546,LG Teclado - Modelo 959,418.22
PROD-00547,Corsair SSD - Modelo 467,4570.14
PROD-00548,Logitech Teclado - Modelo 466,1247.71
PROD-00549,Logitech Laptop - Modelo 697,3265.59
PROD-00550,Sony Fuente - Modelo 953,2147.0
PROD-00551,HP Mouse - Modelo 193,1547.59
PROD-00552,LG Teclado - Modelo 174,3252.83
PROD-00553,Sony Teclado - Modelo 869,4088.27
PROD-00554,Razer Gabinete - Modelo 207,2608.29
PROD-00555,Logitech Laptop - Modelo 380,4866.29
PROD-00556,HP Gabinete - Modelo 512,376.97
PROD-00557,Dell Laptop - Modelo 486,3413.27
PROD-00558,ASUS Fuente - Modelo 307,4636.85
PROD-00559,Dell Fuente - Modelo 450,4225.0
PROD-00560,ASUS Gabinete - Modelo 164,3044.68
PROD-00561,Corsair RAM - Modelo 458,4134.3
PROD-00562,ASUS Auricular - Modelo 342,2655.46
PROD-00563,Dell Webcam - Modelo 551,4885.99
PROD-00564,LG SSD - Modelo 569,1889.47
PROD-00565,Kingston Monitor - Modelo 533,1280.33
PROD-00566,Sony Fuente - Modelo 908,4337.16
PROD-00567,Kingston Teclado - Modelo 553,3839.71
PROD-00568,Dell RAM - Modelo 976,3542.02
PROD-00569,Corsair Teclado - Modelo 918,2875.27
PROD-00570,Kingston Gabinete - Modelo 113,2664.09
PROD-00571,ASUS Fuente - Modelo 540,1512.48
PROD-00572,Samsung Gabinete - Modelo 415,2286.88
PROD-00573,Kingston Teclado - Modelo 443,70.81
PROD-00574,Corsair Gabinete - Modelo 297,4801.81
PROD-00575,Kingston Auricular - Modelo 701,815.62
PROD-00576,Razer Fuente - Modelo 866,1445.51
PROD-00577,LG Teclado - Modelo 770,764.16
PROD-00578,Dell Auricular - Modelo 690,101.82
PROD-00579,Razer SSD - Modelo 142,2524.92
PROD-00580,Kingston SSD - Modelo 666,3726.65
PROD-00581,Logitech SSD - Modelo 135,3607.5
PROD-00582,Dell RAM - Modelo 924,1992.76
PROD-00583,Samsung Fuente - Modelo 446,4672.69
PROD-00584,LG Teclado - Modelo 712,3386.4
PROD-00585,Dell Laptop - Modelo 629,2137.52
PROD-00586,Logitech SSD - Modelo 408,2588.88
PROD-00587,HP Webcam - Modelo 748,212.9
PROD-00588,Kingston RAM - Modelo 128,3114.36
PROD-00589,HP RAM - Modelo 103,3553.93
PROD-00590,Logitech Monitor - Modelo 811,2811.01
PROD-00591,Samsung Webcam - Modelo 323,2812.74
PROD-00592,Sony Fuente - Modelo 727,4855.52
PROD-00593,Sony Mouse - Modelo 914,477.46
PROD-00594,Corsair Fuente - Modelo 461,3178.58
PROD-00595,Samsung Webcam - Modelo 843,3127.84
PROD-00596,Kingston Gabinete - Modelo 900,3228.99
PROD-00597,Logitech SSD - Modelo 687,4797.0
PROD-00598,Sony Auricular - Modelo 483,1854.13
PROD-00599,ASUS Fuente - Modelo 597,4898.92
PROD-00600,ASUS RAM - Modelo 682,927.68
PROD-00601,Dell Teclado - Modelo 875,2437.74
PROD-00602,Dell Webcam - Modelo 650,4651.45
PROD-00603,Razer RAM - Modelo 827,816.96
PROD-00604,Razer Laptop - Modelo 217,3231.51
PROD-00605,Samsung Gabinete - Modelo 486,3510.11
PROD-00606,Dell Auricular - Modelo 142,1132.24
PROD-00607,ASUS Teclado - Modelo 471,884.0
PROD-00608,Samsung SSD - Modelo 410,654.03
PROD-00609,LG Webcam - Modelo 894,4990.81
PROD-00610,Kingston Mouse - Modelo 604,4909.7
PROD-00611,ASUS SSD - Modelo 745,1727.54
PROD-00612,LG Teclado - Modelo 363,601.62
PROD-00613,Sony Mouse - Modelo 695,4934.62
PROD-00614,ASUS Monitor - Modelo 639,3680.84
PROD-00615,Logitech Mouse - Modelo 625,2389.45
PROD-00616,Corsair RAM - Modelo 454,1022.82
PROD-00617,LG SSD - Modelo 236,4845.12
PROD-00618,HP Fuente - Modelo 667,1132.13
PROD-00619,Sony Webcam - Modelo 472,4596.51
PROD-00620,Samsung Monitor - Modelo 646,3610.74
PROD-00621,Razer Gabinete - Modelo 426,1696.47
PROD-00622,Corsair RAM - Modelo 750,693.19
PROD-00623,Logitech Gabinete - Modelo 716,3660.19
PROD-00624,Dell Teclado - Modelo 720,3515.06
PROD-00625,Razer Mouse - Modelo 117,567.65
PROD-00626,ASUS Webcam - Modelo 426,2131.32
PROD-00627,Sony Laptop - Modelo 121,3381.83
PROD-00628,Logitech RAM - Modelo 155,2852.17
PROD-00629,ASUS Teclado - Modelo 909,4724.76
PROD-00630,Corsair Fuente - Modelo 565,894.91
PROD-00631,Logitech Laptop - Modelo 772,3280.07
PROD-00632,Samsung Laptop - Modelo 520,791.08
PROD-00633,Samsung Teclado - Modelo 836,1086.5
PROD-00634,Razer Auricular - Modelo 278,789.19
PROD-00635,Kingston Webcam - Modelo 556,1822.29
PROD-00636,Logitech Monitor - Modelo 487,1786.74
PROD-00637,Logitech Webcam - Modelo 258,2958.32
PROD-00638,Kingston Fuente - Modelo 958,4146.38
PROD-00639,Corsair Laptop - Modelo 214,2775.42
PROD-00640,HP Webcam - Modelo 686,4870.16
PROD-00641,LG Gabinete - Modelo 795,372.71
PROD-00642,LG Teclado - Modelo 827,4906.75
PROD-00643,Samsung SSD - Modelo 581,3585.53
PROD-00644,LG Webcam - Modelo 113,1899.56
PROD-00645,Razer Monitor - Modelo 775,4395.43
PROD-00646,Dell Teclado - Modelo 182,2301.58
PROD-00647,LG SSD - Modelo 956,3482.8
PROD-00648,LG RAM - Modelo 397,2290.22
PROD-00649,Logitech Mouse - Modelo 290,2434.84
PROD-00650,Razer Mouse - Modelo 660,3745.06
PROD-00651,Razer Monitor - Modelo 339,2042.41
PROD-00652,ASUS Auricular - Modelo 126,1655.31
PROD-00653,Samsung Webcam - Modelo 376,726.83
PROD-00654,Razer Teclado - Modelo 643,1669.32
PROD-00655,Samsung Fuente - Modelo 547,4059.49
PROD-00656,LG Mouse - Modelo 224,2031.74
PROD-00657,ASUS Fuente - Modelo 809,1452.91
PROD-00658,Samsung Fuente - Modelo 301,4943.06
PROD-00659,Kingston Laptop - Modelo 463,4714.55
PROD-00660,ASUS Gabinete - Modelo 161,3879.57
PROD-00661,ASUS RAM - Modelo 388,3280.52
PROD-00662,Dell Gabinete - Modelo 584,982.55
PROD-00663,Logitech Gabinete - Modelo 310,147.74
PROD-00664,LG RAM - Modelo 469,4084.1
PROD-00665,Corsair Teclado - Modelo 326,305.52
PROD-00666,Kingston Monitor - Modelo 856,2567.67
PROD-00667,Kingston Mouse - Modelo 102,4038.36
PROD-00668,HP RAM - Modelo 528,4875.54
PROD-00669,ASUS RAM - Modelo 655,2700.78
PROD-00670,Samsung Teclado - Modelo 379,4460.91
PROD-00671,ASUS Teclado - Modelo 131,1291.43
PROD-00672,Dell SSD - Modelo 422,3535.94
PROD-00673,Corsair Mouse - Modelo 802,4088.87
PROD-00674,Sony Fuente - Modelo 915,1002.05
PROD-00675,Kingston Gabinete - Modelo 662,4198.92
PROD-00676,ASUS Laptop - Modelo 955,4656.07
PROD-00677,Logitech Teclado - Modelo 978,4623.97
PROD-00678,HP Webcam - Modelo 336,2100.99
PROD-00679,Dell Auricular - Modelo 637,1965.35
PROD-00680,Sony RAM - Modelo 816,3106.65
PROD-00681,HP Mouse - Modelo 304,2002.36
PROD-00682,Dell Webcam - Modelo 428,1217.59
PROD-00683,Sony Laptop - Modelo 860,4395.79
PROD-00684,Samsung Webcam - Modelo 829,3686.24
PROD-00685,LG Gabinete - Modelo 278,1011.22
PROD-00686,HP Auricular - Modelo 379,1649.57
PROD-00687,LG Gabinete - Modelo 471,3327.5
PROD-00688,LG Monitor - Modelo 986,3651.29
PROD-00689,LG Teclado - Modelo 190,2594.3
PROD-00690,Sony Gabinete - Modelo 821,767.63
PROD-00691,Corsair Teclado - Modelo 892,971.1
PROD-00692,Kingston Webcam - Modelo 274,2642.56
PROD-00693,Dell Fuente - Modelo 199,4726.13
PROD-00694,Dell Gabinete - Modelo 489,1402.8
PROD-00695,ASUS Monitor - Modelo 764,2672.25
PROD-00696,Dell Laptop - Modelo 576,4973.52
PROD-00697,Samsung Webcam - Modelo 285,4947.52
PROD-00698,Razer Webcam - Modelo 844,1314.93
PROD-00699,Kingston Webcam - Modelo 108,2216.77
PROD-00700,Razer Auricular - Modelo 994,3785.42
PROD-00701,HP Auricular - Modelo 584,4569.01
PROD-00702,Corsair Auricular - Modelo 149,1498.1
PROD-00703,Corsair Laptop - Modelo 562,583.63
PROD-00704,Razer SSD - Modelo 719,3448.27
PROD-00705,Samsung Auricular - Modelo 237,492.23
PROD-00706,HP Teclado - Modelo 776,759.66
PROD-00707,Dell SSD - Modelo 928,781.43
PROD-00708,LG Fuente - Modelo 684,4711.27
PROD-00709,LG Laptop - Modelo 584,3406.71
PROD-00710,Samsung SSD - Modelo 640,4875.23
PROD-00711,HP Webcam - Modelo 200,4588.37
PROD-00712,Logitech Monitor - Modelo 745,823.0
PROD-00713,Kingston Webcam - Modelo 991,4113.34
PROD-00714,Dell Gabinete - Modelo 407,1485.42
PROD-00715,Corsair Monitor - Modelo 843,2565.06
PROD-00716,Razer RAM - Modelo 723,2944.85
PROD-00717,ASUS RAM - Modelo 903,958.98
PROD-00718,Kingston Gabinete - Modelo 236,4026.87
PROD-00719,Razer RAM - Modelo 213,44.97
PROD-00720,Dell SSD - Modelo 962,295.0
PROD-00721,Sony Teclado - Modelo 176,202.95
PROD-00722,Razer RAM - Modelo 149,1954.04
PROD-00723,ASUS Monitor - Modelo 696,2430.36
PROD-00724,Sony SSD - Modelo 378,4648.41
PROD-00725,Dell SSD - Modelo 167,2964.32
PROD-00726,Dell SSD - Modelo 320,3667.11
PROD-00727,Samsung Fuente - Modelo 600,153.94
PROD-00728,ASUS SSD - Modelo 359,4890.22
PROD-00729,LG SSD - Modelo 894,2821.13
PROD-00730,Kingston Teclado - Modelo 201,3079.44
PROD-00731,Corsair Fuente - Modelo 894,2224.47
PROD-00732,Kingston Laptop - Modelo 610,1408.86
PROD-00733,Sony Monitor - Modelo 983,1026.84
PROD-00734,LG Laptop - Modelo 718,4341.59
PROD-00735,ASUS Auricular - Modelo 453,2825.56
PROD-00736,LG Auricular - Modelo 235,468.22
PROD-00737,LG Gabinete - Modelo 718,3504.03
PROD-00738,HP Teclado - Modelo 306,3165.0
PROD-00739,Corsair Webcam - Modelo 310,2263.37
PROD-00740,ASUS Monitor - Modelo 651,1090.98
PROD-00741,Sony SSD - Modelo 861,807.44
PROD-00742,Corsair Gabinete - Modelo 657,1396.48
PROD-00743,Kingston Fuente - Modelo 997,98.55
PROD-00744,ASUS RAM - Modelo 178,1005.23
PROD-00745,Dell SSD - Modelo 656,1441.9
PROD-00746,ASUS RAM - Modelo 799,2843.78
PROD-00747,HP Webcam - Modelo 138,3273.2
PROD-00748,Logitech RAM - Modelo 762,3083.4
PROD-00749,HP SSD - Modelo 603,4839.9
PROD-00750,Razer Laptop - Modelo 391,3119.1
PROD-00751,Sony Gabinete - Modelo 124,2342.48
PROD-00752,HP Fuente - Modelo 381,3690.88
PROD-00753,Sony Monitor - Modelo 780,2017.83
PROD-00754,Samsung Teclado - Modelo 343,2326.72
PROD-00755,HP Auricular - Modelo 442,318.49
PROD-00756,Sony Fuente - Modelo 105,176.26
PROD-00757,HP Mouse - Modelo 593,562.4
PROD-00758,Razer Gabinete - Modelo 459,1867.25
PROD-00759,Razer Gabinete - Modelo 423,4069.48
PROD-00760,HP SSD - Modelo 350,4757.64
PROD-00761,Dell Teclado - Modelo 555,2929.48
PROD-00762,Samsung RAM - Modelo 496,4067.33
PROD-00763,HP RAM - Modelo 500,3483.67
PROD-00764,HP Laptop - Modelo 163,4244.2
PROD-00765,Corsair Auricular - Modelo 559,408.08
PROD-00766,Corsair RAM - Modelo 889,3676.9
PROD-00767,HP Auricular - Modelo 951,3910.52
PROD-00768,ASUS Teclado - Modelo 104,3578.8
PROD-00769,Kingston SSD - Modelo 996,253.6
PROD-00770,Sony Auricular - Modelo 222,3895.45
PROD-00771,LG Monitor - Modelo 862,4130.37
PROD-00772,Samsung Mouse - Modelo 203,2966.79
PROD-00773,Razer Fuente - Modelo 794,782.14
PROD-00774,Samsung Gabinete - Modelo 780,424.57
PROD-00775,Sony SSD - Modelo 882,3984.83
PROD-00776,Corsair Teclado - Modelo 461,2921.88
PROD-00777,Sony Auricular - Modelo 826,1464.44
PROD-00778,Kingston SSD - Modelo 118,2659.35
PROD-00779,Corsair Gabinete - Modelo 291,3119.73
PROD-00780,HP Gabinete - Modelo 861,1510.21
PROD-00781,LG Fuente - Modelo 299,4227.38
PROD-00782,Corsair Laptop - Modelo 521,527.13
PROD-00783,Kingston Mouse - Modelo 969,4798.88
PROD-00784,ASUS Teclado - Modelo 264,4330.91
PROD-00785,Dell Teclado - Modelo 987,4691.77
PROD-00786,Sony Laptop - Modelo 828,401.35
PROD-00787,HP Mouse - Modelo 394,1335.62
PROD-00788,HP Auricular - Modelo 872,3826.36
PROD-00789,Razer Teclado - Modelo 377,1116.61
PROD-00790,LG Fuente - Modelo 124,3569.03
PROD-00791,Kingston Auricular - Modelo 738,1074.96
PROD-00792,Samsung Webcam - Modelo 288,2896.32
PROD-00793,Corsair Webcam - Modelo 916,4797.98
PROD-00794,Kingston Teclado - Modelo 699,2053.11
PROD-00795,Logitech Teclado - Modelo 681,4130.0
PROD-00796,Logitech Monitor - Modelo 508,630.64
PROD-00797,Dell Mouse - Modelo 123,4570.38
PROD-00798,ASUS Laptop - Modelo 839,4060.55
PROD-00799,ASUS Gabinete - Modelo 763,3935.57
PROD-00800,ASUS Auricular - Modelo 823,1771.73
PROD-00801,Corsair Laptop - Modelo 439,1218.37
PROD-00802,ASUS Auricular - Modelo 521,1528.21
PROD-00803,HP Auricular - Modelo 141,2315.38
PROD-00804,HP SSD - Modelo 431,1035.5
PROD-00805,Logitech Monitor - Modelo 605,4277.2
PROD-00806,Samsung SSD - Modelo 586,3118.11
PROD-00807,Logitech SSD - Modelo 909,3507.26
PROD-00808,LG Webcam - Modelo 331,1658.48
PROD-00809,Samsung Webcam - Modelo 945,2343.59
PROD-00810,Dell RAM - Modelo 413,4955.85
PROD-00811,Kingston Auricular - Modelo 776,4237.25
PROD-00812,LG RAM - Modelo 977,4684.73
PROD-00813,Kingston Laptop - Modelo 100,2119.8
PROD-00814,Razer Monitor - Modelo 270,2750.34
PROD-00815,Kingston Fuente - Modelo 872,4308.93
PROD-00816,HP Webcam - Modelo 119,3908.38
PROD-00817,Dell Monitor - Modelo 862,1379.92
PROD-00818,Corsair RAM - Modelo 390,4974.84
PROD-00819,Kingston Fuente - Modelo 155,3746.2
PROD-00820,Samsung RAM - Modelo 639,3220.55
PROD-00821,Dell Monitor - Modelo 500,2888.74
PROD-00822,Samsung Gabinete - Modelo 830,3307.69
PROD-00823,HP Auricular - Modelo 265,3284.54
PROD-00824,Dell Gabinete - Modelo 175,925.35
PROD-00825,LG SSD - Modelo 666,2928.49
PROD-00826,Corsair Auricular - Modelo 281,1909.0
PROD-00827,Logitech Laptop - Modelo 435,63.49
PROD-00828,Logitech Mouse - Modelo 486,3111.35
PROD-00829,Samsung Mouse - Modelo 485,493.69
PROD-00830,Logitech RAM - Modelo 320,2226.31
PROD-00831,Razer Teclado - Modelo 249,4530.23
PROD-00832,LG SSD - Modelo 924,4528.5
PROD-00833,ASUS Teclado - Modelo 938,4712.99
PROD-00834,Corsair Fuente - Modelo 649,2820.79
PROD-00835,Kingston RAM - Modelo 278,3836.78
PROD-00836,Kingston Fuente - Modelo 904,4215.82
PROD-00837,Dell Webcam - Modelo 308,4111.23
PROD-00838,Logitech Mouse - Modelo 606,3070.61
PROD-00839,Logitech Monitor - Modelo 501,1619.76
PROD-00840,ASUS Auricular - Modelo 138,1601.88
PROD-00841,Razer SSD - Modelo 379,4165.66
PROD-00842,Sony Teclado - Modelo 458,3211.96
PROD-00843,Logitech RAM - Modelo 612,3331.66
PROD-00844,Kingston Teclado - Modelo 545,863.79
PROD-00845,Sony Fuente - Modelo 760,1715.05
PROD-00846,Sony Teclado - Modelo 673,1153.45
PROD-00847,ASUS Teclado - Modelo 424,1090.99
PROD-00848,Samsung Teclado - Modelo 361,2532.08
PROD-00849,Samsung SSD - Modelo 318,3033.5
PROD-00850,Razer Gabinete - Modelo 112,4766.46
PROD-00851,Logitech Mouse - Modelo 987,4855.08
PROD-00852,Kingston Gabinete - Modelo 111,640.86
PROD-00853,Kingston RAM - Modelo 568,964.87
PROD-00854,LG Fuente - Modelo 313,1311.61
PROD-00855,Corsair Fuente - Modelo 140,3958.25
PROD-00856,Dell Fuente - Modelo 563,3444.46
PROD-00857,LG Webcam - Modelo 133,731.16
PROD-00858,Corsair Mouse - Modelo 645,3887.82
PROD-00859,ASUS Gabinete - Modelo 492,1142.92
PROD-00860,Sony Webcam - Modelo 616,3770.28
PROD-00861,Corsair Teclado - Modelo 620,3224.95
PROD-00862,HP Webcam - Modelo 730,980.34
PROD-00863,Kingston Laptop - Modelo 902,3391.2
PROD-00864,Sony Mouse - Modelo 164,1672.8
PROD-00865,Logitech Laptop - Modelo 215,973.65
PROD-00866,Logitech Auricular - Modelo 489,4855.98
PROD-00867,ASUS Mouse - Modelo 812,1574.29
PROD-00868,LG Gabinete - Modelo 392,4239.96
PROD-00869,ASUS Auricular - Modelo 644,2355.55
PROD-00870,Corsair Teclado - Modelo 274,4145.37
PROD-00871,Logitech Fuente - Modelo 666,3166.46
PROD-00872,Logitech Laptop - Modelo 813,2996.37
PROD-00873,Corsair Gabinete - Modelo 804,922.92
PROD-00874,HP Monitor - Modelo 893,3696.12
PROD-00875,ASUS Mouse - Modelo 850,910.57
PROD-00876,Dell Webcam - Modelo 206,2243.09
PROD-00877,HP Laptop - Modelo 663,3687.71
PROD-00878,Sony Fuente - Modelo 601,3400.73
PROD-00879,Corsair Teclado - Modelo 830,3704.94
PROD-00880,Sony SSD - Modelo 467,4679.51
PROD-00881,HP Gabinete - Modelo 170,2760.62
PROD-00882,Logitech Teclado - Modelo 831,834.1
PROD-00883,Logitech Laptop - Modelo 241,3525.01
PROD-00884,ASUS Gabinete - Modelo 680,788.05
PROD-00885,ASUS Gabinete - Modelo 754,3210.14
PROD-00886,LG Auricular - Modelo 606,4895.9
PROD-00887,Logitech Laptop - Modelo 189,691.02
PROD-00888,Razer Teclado - Modelo 235,175.41
PROD-00889,Samsung Fuente - Modelo 855,2304.65
PROD-00890,Corsair Teclado - Modelo 310,4354.28
PROD-00891,Samsung Gabinete - Modelo 719,79.53
PROD-00892,Sony Fuente - Modelo 237,2870.74
PROD-00893,LG Monitor - Modelo 837,662.06
PROD-00894,Dell Teclado - Modelo 701,2326.25
PROD-00895,Corsair Teclado - Modelo 707,4990.06
PROD-00896,LG Webcam - Modelo 561,2893.43
PROD-00897,Kingston Webcam - Modelo 792,1180.83
PROD-00898,HP RAM - Modelo 866,4644.57
PROD-00899,Sony Teclado - Modelo 524,4960.9
PROD-00900,Sony Laptop - Modelo 870,160.66
PROD-00901,Corsair Webcam - Modelo 748,3906.38
PROD-00902,HP Monitor - Modelo 693,1773.74
PROD-00903,Kingston Laptop - Modelo 999,791.04
PROD-00904,Dell SSD - Modelo 942,4809.29
PROD-00905,Corsair RAM - Modelo 925,2197.07
PROD-00906,Dell Mouse - Modelo 689,3637.84
PROD-00907,LG Laptop - Modelo 529,3406.12
PROD-00908,Logitech SSD - Modelo 838,3332.29
PROD-00909,HP Webcam - Modelo 868,4152.98
PROD-00910,HP Teclado - Modelo 984,1566.86
PROD-00911,HP SSD - Modelo 905,4017.73
PROD-00912,ASUS Teclado - Modelo 935,1747.2
PROD-00913,HP Fuente - Modelo 285,4970.73
PROD-00914,Logitech Gabinete - Modelo 901,1634.56
PROD-00915,LG Laptop - Modelo 564,2580.28
PROD-00916,Dell Gabinete - Modelo 103,4676.63
PROD-00917,Dell Webcam - Modelo 215,2947.14
PROD-00918,Logitech Gabinete - Modelo 169,1124.91
PROD-00919,Logitech SSD - Modelo 374,4962.58
PROD-00920,Razer Auricular - Modelo 454,2665.25
PROD-00921,ASUS Mouse - Modelo 993,2897.05
PROD-00922,Dell SSD - Modelo 789,2395.07
PROD-00923,Dell RAM - Modelo 789,401.41
PROD-00924,Kingston Webcam - Modelo 189,2071.86
PROD-00925,Corsair RAM - Modelo 686,1278.65
PROD-00926,Kingston Mouse - Modelo 307,1632.38
PROD-00927,Samsung Monitor - Modelo 940,4295.19
PROD-00928,HP Mouse - Modelo 305,3207.86
PROD-00929,Sony Gabinete - Modelo 438,3479.65
PROD-00930,HP Mouse - Modelo 837,3372.17
PROD-00931,Razer RAM - Modelo 295,249.73
PROD-00932,Samsung Gabinete - Modelo 919,3924.33
PROD-00933,Logitech Webcam - Modelo 730,3145.1
PROD-00934,LG Teclado - Modelo 774,3653.35
PROD-00935,Kingston Webcam - Modelo 984,2284.45
PROD-00936,Logitech Mouse - Modelo 696,3822.44
PROD-00937,Logitech SSD - Modelo 690,1733.47
PROD-00938,Razer Monitor - Modelo 246,4152.11
PROD-00939,Razer Monitor - Modelo 305,4092.04
PROD-00940,Sony SSD - Modelo 437,1958.74
PROD-00941,Sony Auricular - Modelo 175,353.0
PROD-00942,Logitech Fuente - Modelo 467,4345.85
PROD-00943,Kingston Teclado - Modelo 543,351.81
PROD-00944,Logitech RAM - Modelo 820,1132.1
PROD-00945,HP Monitor - Modelo 428,1067.31
PROD-00946,Samsung Teclado - Modelo 964,4601.91
PROD-00947,Logitech Webcam - Modelo 473,188.42
PROD-00948,Corsair Fuente - Modelo 918,3010.52
PROD-00949,Razer Webcam - Modelo 786,1857.26
PROD-00950,HP Mouse - Modelo 617,2349.53
PROD-00951,ASUS SSD - Modelo 425,4423.25
PROD-00952,Logitech Monitor - Modelo 167,2117.88
PROD-00953,HP Auricular - Modelo 125,4248.86
PROD-00954,LG Auricular - Modelo 933,569.99
PROD-00955,Kingston RAM - Modelo 629,444.39
PROD-00956,Samsung RAM - Modelo 383,1743.87
PROD-00957,Samsung Laptop - Modelo 167,3678.11
PROD-00958,Samsung Webcam - Modelo 541,2480.85
PROD-00959,HP Auricular - Modelo 625,2243.21
PROD-00960,ASUS Fuente - Modelo 708,1674.1
PROD-00961,Sony RAM - Modelo 583,1293.85
PROD-00962,HP Monitor - Modelo 794,2388.67
PROD-00963,Sony Monitor - Modelo 244,1238.44
PROD-00964,Dell RAM - Modelo 413,3104.56
PROD-00965,Corsair Auricular - Modelo 200,1860.29
PROD-00966,Corsair Mouse - Modelo 237,1781.72
PROD-00967,Dell Mouse - Modelo 668,2689.18
PROD-00968,Kingston Webcam - Modelo 387,4800.52
PROD-00969,HP Auricular - Modelo 216,4016.63
PROD-00970,Sony Gabinete - Modelo 709,3541.83
PROD-00971,HP Auricular - Modelo 911,1240.36
PROD-00972,HP Mouse - Modelo 225,3853.12
PROD-00973,Razer Gabinete - Modelo 730,1122.47
PROD-00974,ASUS Fuente - Modelo 990,3634.07
PROD-00975,Sony Teclado - Modelo 485,3049.58
PROD-00976,Logitech RAM - Modelo 230,1843.68
PROD-00977,Kingston SSD - Modelo 922,1354.27
PROD-00978,HP Mouse - Modelo 330,1987.58
PROD-00979,Corsair RAM - Modelo 903,4197.86
PROD-00980,HP Teclado - Modelo 735,200.76
PROD-00981,Kingston RAM - Modelo 750,4251.62
PROD-00982,Sony Fuente - Modelo 226,3651.1
PROD-00983,Kingston RAM - Modelo 704,4670.48
PROD-00984,Dell Monitor - Modelo 506,1525.02
PROD-00985,Kingston Laptop - Modelo 347,2507.39
PROD-00986,ASUS Laptop - Modelo 395,1005.17
PROD-00987,ASUS Gabinete - Modelo 982,4809.15
PROD-00988,HP Monitor - Modelo 173,980.6
PROD-00989,Sony Gabinete - Modelo 771,1756.15
PROD-00990,HP Fuente - Modelo 300,3188.67
PROD-00991,Sony RAM - Modelo 345,3218.14
PROD-00992,Kingston Webcam - Modelo 908,3161.62
PROD-00993,Sony RAM - Modelo 920,1334.36
PROD-00994,Corsair Gabinete - Modelo 114,2102.76
PROD-00995,Dell Gabinete - Modelo 937,2861.31
PROD-00996,Kingston Fuente - Modelo 203,93.48
PROD-00997,HP Laptop - Modelo 627,4819.25
PROD-00998,Corsair Laptop - Modelo 371,4766.12
PROD-00999,Samsung Webcam - Modelo 621,706.45
PROD-01000,LG RAM - Modelo 456,3783.86
PROD-01001,Sony Webcam - Modelo 697,3136.45
PROD-01002,Logitech Laptop - Modelo 304,2448.81
PROD-01003,Razer RAM - Modelo 590,2548.02
PROD-01004,Corsair SSD - Modelo 739,877.51
PROD-01005,HP SSD - Modelo 861,1447.97
PROD-01006,HP Auricular - Modelo 929,57.86
PROD-01007,LG Fuente - Modelo 791,3437.75
PROD-01008,Kingston Mouse - Modelo 436,1202.36
PROD-01009,Sony SSD - Modelo 408,106.11
PROD-01010,Samsung Teclado - Modelo 556,2984.31
PROD-01011,Dell Auricular - Modelo 347,4854.83
PROD-01012,Samsung Gabinete - Modelo 814,3269.5
PROD-01013,HP SSD - Modelo 166,2550.74
PROD-01014,ASUS Auricular - Modelo 297,4031.31
PROD-01015,HP Monitor - Modelo 885,2204.02
PROD-01016,Kingston Laptop - Modelo 456,1346.1
PROD-01017,Dell Gabinete - Modelo 513,267.27
PROD-01018,Razer Teclado - Modelo 519,56.17
PROD-01019,HP Laptop - Modelo 990,4839.48
PROD-01020,HP Laptop - Modelo 871,1205.26
PROD-01021,LG Webcam - Modelo 855,2989.76
PROD-01022,ASUS Gabinete - Modelo 476,1263.78
PROD-01023,ASUS Teclado - Modelo 574,3661.16
PROD-01024,Kingston Webcam - Modelo 536,200.61
PROD-01025,Sony Mouse - Modelo 148,121.47
PROD-01026,Razer SSD - Modelo 730,1014.49
PROD-01027,ASUS RAM - Modelo 547,2749.74
PROD-01028,LG Teclado - Modelo 460,280.75
PROD-01029,Corsair SSD - Modelo 761,421.19
PROD-01030,Corsair Monitor - Modelo 535,556.34
PROD-01031,Corsair Fuente - Modelo 152,2374.07
PROD-01032,Dell Monitor - Modelo 107,1725.97
PROD-01033,Razer Mouse - Modelo 265,3449.09
PROD-01034,Sony Laptop - Modelo 840,3988.21
PROD-01035,Sony Auricular - Modelo 985,4735.32
PROD-01036,Kingston Mouse - Modelo 105,1156.63
PROD-01037,Samsung RAM - Modelo 631,2931.85
PROD-01038,ASUS Laptop - Modelo 394,96.54
PROD-01039,Logitech Gabinete - Modelo 954,2427.65
PROD-01040,Sony Webcam - Modelo 767,4038.93
PROD-01041,Dell Mouse - Modelo 733,4043.1
PROD-01042,LG Webcam - Modelo 406,3014.37
PROD-01043,Corsair Teclado - Modelo 699,1798.93
PROD-01044,Dell Mouse - Modelo 624,1955.76
PROD-01045,Razer Webcam - Modelo 167,3190.89
PROD-01046,HP Auricular - Modelo 891,4861.61
PROD-01047,Corsair RAM - Modelo 263,1898.65
PROD-01048,LG Laptop - Modelo 827,4750.36
PROD-01049,Logitech Gabinete - Modelo 312,4977.16
PROD-01050,Razer SSD - Modelo 813,2010.25
PROD-01051,Kingston Fuente - Modelo 383,275.52
PROD-01052,HP Gabinete - Modelo 418,291.37
PROD-01053,Dell SSD - Modelo 175,2823.32
PROD-01054,Sony Monitor - Modelo 766,813.47
PROD-01055,Razer SSD - Modelo 181,2961.95
PROD-01056,Samsung RAM - Modelo 938,544.98
PROD-01057,ASUS RAM - Modelo 454,270.11
PROD-01058,HP Gabinete - Modelo 307,3479.18
PROD-01059,ASUS SSD - Modelo 550,2463.74
PROD-01060,Logitech Gabinete - Modelo 306,3698.81
PROD-01061,Razer Gabinete - Modelo 236,3542.25
PROD-01062,HP Teclado - Modelo 258,2924.39
PROD-01063,Kingston Fuente - Modelo 136,3258.67
PROD-01064,Razer Teclado - Modelo 498,1407.58
PROD-01065,HP Fuente - Modelo 236,2173.51
PROD-01066,Corsair Monitor - Modelo 198,1206.91
PROD-01067,Dell Mouse - Modelo 754,423.37
PROD-01068,Dell Monitor - Modelo 937,159.65
PROD-01069,HP Webcam - Modelo 312,4223.49
PROD-01070,HP SSD - Modelo 765,4685.46
PROD-01071,LG Auricular - Modelo 349,4358.63
PROD-01072,Kingston Gabinete - Modelo 593,4474.48
PROD-01073,HP Webcam - Modelo 837,2939.99
PROD-01074,HP Webcam - Modelo 649,2629.58
PROD-01075,ASUS Webcam - Modelo 750,3854.27
PROD-01076,ASUS Monitor - Modelo 466,1162.88
PROD-01077,LG Laptop - Modelo 383,2627.36
PROD-01078,Dell Laptop - Modelo 399,3015.63
PROD-01079,Samsung Gabinete - Modelo 455,4646.07
PROD-01080,Logitech Webcam - Modelo 706,4910.86
PROD-01081,Logitech Fuente - Modelo 584,729.16
PROD-01082,Samsung Auricular - Modelo 513,3747.93
PROD-01083,Kingston Auricular - Modelo 687,347.58
PROD-01084,Corsair Monitor - Modelo 832,4074.75
PROD-01085,Sony Laptop - Modelo 617,4316.4
PROD-01086,Sony Auricular - Modelo 145,2055.16
PROD-01087,ASUS Teclado - Modelo 167,3834.29
PROD-01088,Dell Auricular - Modelo 517,4563.71
PROD-01089,Sony SSD - Modelo 499,1896.2
PROD-01090,ASUS Laptop - Modelo 873,585.63
PROD-01091,ASUS RAM - Modelo 156,2916.21
PROD-01092,LG RAM - Modelo 776,2533.68
PROD-01093,Logitech Laptop - Modelo 687,2538.54
PROD-01094,HP Mouse - Modelo 910,3893.86
PROD-01095,ASUS Teclado - Modelo 658,2423.18
PROD-01096,Corsair Mouse - Modelo 390,1888.97
PROD-01097,Logitech Mouse - Modelo 766,2647.18
PROD-01098,Kingston Teclado - Modelo 208,3189.41
PROD-01099,Kingston Monitor - Modelo 691,644.68
PROD-01100,Dell Gabinete - Modelo 251,831.59
PROD-01101,Dell Gabinete - Modelo 821,1130.91
PROD-01102,Dell SSD - Modelo 163,273.9
PROD-01103,Dell Fuente - Modelo 525,1743.11
PROD-01104,Razer Webcam - Modelo 214,2256.43
PROD-01105,Razer Monitor - Modelo 467,3267.08
PROD-01106,Sony Gabinete - Modelo 112,2143.61
PROD-01107,Dell Mouse - Modelo 686,3155.75
PROD-01108,Dell Auricular - Modelo 520,278.38
PROD-01109,Logitech Teclado - Modelo 310,2651.78
PROD-01110,Sony Webcam - Modelo 444,3257.67
PROD-01111,Razer Fuente - Modelo 149,987.41
PROD-01112,Corsair Monitor - Modelo 804,3149.93
PROD-01113,Razer RAM - Modelo 458,392.62
PROD-01114,Corsair Auricular - Modelo 993,4838.52
PROD-01115,LG Auricular - Modelo 401,3252.65
PROD-01116,Samsung Laptop - Modelo 642,2404.7
PROD-01117,Corsair Gabinete - Modelo 374,2390.59
PROD-01118,Kingston Laptop - Modelo 922,443.75
PROD-01119,ASUS Laptop - Modelo 386,629.93
PROD-01120,Dell SSD - Modelo 784,3976.16
PROD-01121,ASUS Webcam - Modelo 398,3880.72
PROD-01122,Kingston Auricular - Modelo 927,1677.86
PROD-01123,Kingston Mouse - Modelo 668,3894.38
PROD-01124,Samsung SSD - Modelo 202,4312.6
PROD-01125,Logitech Gabinete - Modelo 570,4213.87
PROD-01126,Kingston Monitor - Modelo 914,165.37
PROD-01127,Corsair Webcam - Modelo 363,4017.19
PROD-01128,LG Gabinete - Modelo 686,3658.82
PROD-01129,Corsair RAM - Modelo 947,4629.63
PROD-01130,LG Fuente - Modelo 668,4894.73
PROD-01131,ASUS Gabinete - Modelo 428,4620.72
PROD-01132,ASUS Auricular - Modelo 907,3126.29
PROD-01133,HP Laptop - Modelo 125,3541.36
PROD-01134,Dell Gabinete - Modelo 450,4854.31
PROD-01135,LG Gabinete - Modelo 285,3492.28
PROD-01136,ASUS Mouse - Modelo 657,4001.9
PROD-01137,Dell Gabinete - Modelo 881,1536.01
PROD-01138,ASUS Fuente - Modelo 370,4471.98
PROD-01139,Dell Mouse - Modelo 143,1667.93
PROD-01140,Razer Mouse - Modelo 721,4443.39
PROD-01141,LG Gabinete - Modelo 352,2267.21
PROD-01142,Corsair RAM - Modelo 728,4983.36
PROD-01143,Corsair RAM - Modelo 632,1039.58
PROD-01144,Sony Webcam - Modelo 503,2127.37
PROD-01145,Kingston Laptop - Modelo 582,1911.85
PROD-01146,Razer Teclado - Modelo 349,2136.39
PROD-01147,HP Gabinete - Modelo 757,2605.71
PROD-01148,HP Monitor - Modelo 773,1043.94
PROD-01149,Samsung Auricular - Modelo 869,2566.14
PROD-01150,LG SSD - Modelo 967,2781.13
PROD-01151,ASUS Auricular - Modelo 262,4855.27
PROD-01152,ASUS Mouse - Modelo 362,2131.42
PROD-01153,HP Mouse - Modelo 138,1209.1
PROD-01154,HP RAM - Modelo 929,4578.6
PROD-01155,Sony Laptop - Modelo 685,3820.69
PROD-01156,Corsair Laptop - Modelo 731,3872.49
PROD-01157,Samsung Monitor - Modelo 594,1708.1
PROD-01158,Corsair Laptop - Modelo 387,2276.61
PROD-01159,ASUS Mouse - Modelo 149,717.06
PROD-01160,Dell RAM - Modelo 538,1508.45
PROD-01161,Razer Auricular - Modelo 457,1791.98
PROD-01162,ASUS Webcam - Modelo 129,3262.7
PROD-01163,Dell Laptop - Modelo 954,1439.2
PROD-01164,ASUS SSD - Modelo 534,4359.24
PROD-01165,Samsung Mouse - Modelo 415,189.74
PROD-01166,Dell Gabinete - Modelo 187,3278.8
PROD-01167,Sony RAM - Modelo 861,4902.63
PROD-01168,LG Webcam - Modelo 621,3056.82
PROD-01169,HP Fuente - Modelo 720,2471.07
PROD-01170,LG Monitor - Modelo 820,3718.32
PROD-01171,Kingston Monitor - Modelo 504,953.75
PROD-01172,Logitech Teclado - Modelo 396,4536.02
PROD-01173,Razer Auricular - Modelo 385,3070.71
PROD-01174,Dell Mouse - Modelo 495,4212.51
PROD-01175,HP Gabinete - Modelo 827,4476.25
PROD-01176,Kingston Gabinete - Modelo 730,1510.42
PROD-01177,Logitech Fuente - Modelo 808,1474.11
PROD-01178,ASUS SSD - Modelo 303,2787.28
PROD-01179,Razer Laptop - Modelo 301,3301.74
PROD-01180,Samsung Webcam - Modelo 133,4595.87
PROD-01181,Corsair RAM - Modelo 907,3356.36
PROD-01182,ASUS Laptop - Modelo 349,4444.74
PROD-01183,Sony Webcam - Modelo 242,4756.16
PROD-01184,Samsung Fuente - Modelo 268,1551.25
PROD-01185,Logitech Auricular - Modelo 186,4421.93
PROD-01186,Samsung Monitor - Modelo 132,716.71
PROD-01187,Sony SSD - Modelo 477,830.66
PROD-01188,Sony Mouse - Modelo 154,1421.97
PROD-01189,LG Teclado - Modelo 231,4572.1
PROD-01190,Razer Webcam - Modelo 969,3331.62
PROD-01191,ASUS Laptop - Modelo 717,3264.87
PROD-01192,Kingston Teclado - Modelo 798,2568.2
PROD-01193,Kingston Auricular - Modelo 279,49.88
PROD-01194,Dell Teclado - Modelo 723,4897.95
PROD-01195,Sony Auricular - Modelo 624,1484.84
PROD-01196,Corsair RAM - Modelo 167,561.49
PROD-01197,ASUS Teclado - Modelo 652,1812.21
PROD-01198,HP Laptop - Modelo 338,3074.18
PROD-01199,Razer Gabinete - Modelo 856,41.59
PROD-01200,HP Teclado - Modelo 414,4839.71
PROD-01201,LG Teclado - Modelo 115,499.54
PROD-01202,Logitech Fuente - Modelo 607,365.55
PROD-01203,Sony Gabinete - Modelo 673,4667.6
PROD-01204,LG Auricular - Modelo 394,4898.14
PROD-01205,Sony Auricular - Modelo 606,1018.03
PROD-01206,Sony Laptop - Modelo 636,3591.03
PROD-01207,LG Teclado - Modelo 248,4604.39
PROD-01208,Kingston Fuente - Modelo 912,2560.05
PROD-01209,LG Fuente - Modelo 821,1444.89
PROD-01210,Samsung Fuente - Modelo 393,308.2
PROD-01211,Logitech Gabinete - Modelo 533,1498.08
PROD-01212,Kingston RAM - Modelo 223,4151.89
PROD-01213,Razer Auricular - Modelo 768,3165.3
PROD-01214,LG Teclado - Modelo 947,3165.99
PROD-01215,Samsung Gabinete - Modelo 773,3861.1
PROD-01216,Corsair Auricular - Modelo 341,2340.94
PROD-01217,ASUS SSD - Modelo 639,2387.01
PROD-01218,Dell SSD - Modelo 906,2065.94
PROD-01219,Logitech SSD - Modelo 660,3475.01
PROD-01220,LG RAM - Modelo 772,4714.99
PROD-01221,Samsung Monitor - Modelo 692,2916.41
PROD-01222,HP Fuente - Modelo 736,4660.53
PROD-01223,HP Monitor - Modelo 367,1221.35
PROD-01224,LG Monitor - Modelo 571,2775.1
PROD-01225,HP Gabinete - Modelo 216,1878.55
PROD-01226,Sony Webcam - Modelo 248,2844.32
PROD-01227,HP Auricular - Modelo 572,1729.35
PROD-01228,Corsair Webcam - Modelo 113,4149.09
PROD-01229,Samsung Teclado - Modelo 532,3911.24
PROD-01230,HP Auricular - Modelo 911,1307.36
PROD-01231,Logitech Fuente - Modelo 933,3998.82
PROD-01232,ASUS Teclado - Modelo 231,4590.08
PROD-01233,Sony SSD - Modelo 298,4175.18
PROD-01234,Kingston Fuente - Modelo 430,4645.46
PROD-01235,LG Gabinete - Modelo 576,402.74
PROD-01236,Corsair Teclado - Modelo 192,3208.63
PROD-01237,ASUS Mouse - Modelo 957,3847.63
PROD-01238,Corsair SSD - Modelo 788,2293.93
PROD-01239,Dell Auricular - Modelo 297,3916.36
PROD-01240,Dell Mouse - Modelo 455,263.64
PROD-01241,Kingston Laptop - Modelo 735,949.47
PROD-01242,Dell Gabinete - Modelo 512,3452.95
PROD-01243,Dell Auricular - Modelo 921,4662.66
PROD-01244,Corsair RAM - Modelo 192,3596.45
PROD-01245,Corsair Mouse - Modelo 124,4708.62
PROD-01246,HP Teclado - Modelo 735,3183.96
PROD-01247,HP Fuente - Modelo 720,2097.99
PROD-01248,Kingston Webcam - Modelo 742,3049.27
PROD-01249,Samsung SSD - Modelo 194,3110.54
PROD-01250,Kingston Mouse - Modelo 611,4080.52
PROD-01251,Kingston Mouse - Modelo 518,985.23
PROD-01252,LG Teclado - Modelo 731,3827.07
PROD-01253,HP Auricular - Modelo 375,4200.51
PROD-01254,Sony Teclado - Modelo 972,4460.87
PROD-01255,Dell Webcam - Modelo 811,3089.63
PROD-01256,Corsair Gabinete - Modelo 208,4326.59
PROD-01257,Corsair Fuente - Modelo 885,4583.61
PROD-01258,Corsair Fuente - Modelo 185,1039.06
PROD-01259,Corsair Monitor - Modelo 173,492.3
PROD-01260,LG Gabinete - Modelo 559,346.91
PROD-01261,HP SSD - Modelo 535,4092.09
PROD-01262,Kingston Gabinete - Modelo 258,2624.21
PROD-01263,Razer Teclado - Modelo 644,1132.02
PROD-01264,Logitech Monitor - Modelo 581,647.52
PROD-01265,LG Gabinete - Modelo 723,2173.81
PROD-01266,Corsair Auricular - Modelo 532,4342.48
PROD-01267,Razer Laptop - Modelo 556,3262.57
PROD-01268,Kingston Monitor - Modelo 397,471.51
PROD-01269,Razer Fuente - Modelo 564,3219.6
PROD-01270,Samsung SSD - Modelo 188,4087.99
PROD-01271,Samsung Webcam - Modelo 780,265.85
PROD-01272,Corsair Monitor - Modelo 870,3333.47
PROD-01273,ASUS Teclado - Modelo 505,939.02
PROD-01274,Sony Monitor - Modelo 242,1678.42
PROD-01275,Samsung Webcam - Modelo 721,1035.28
PROD-01276,Samsung Webcam - Modelo 492,3125.1
PROD-01277,Kingston Gabinete - Modelo 561,3870.93
PROD-01278,Razer Teclado - Modelo 214,2673.68
PROD-01279,Samsung Mouse - Modelo 102,3338.33
PROD-01280,Samsung RAM - Modelo 936,1528.78
PROD-01281,HP Monitor - Modelo 361,2619.28
PROD-01282,LG Auricular - Modelo 438,330.05
PROD-01283,Sony Fuente - Modelo 189,3435.88
PROD-01284,Sony Monitor - Modelo 778,3738.85
PROD-01285,Dell Auricular - Modelo 138,2771.22
PROD-01286,Kingston Auricular - Modelo 316,1059.65
PROD-01287,Sony Teclado - Modelo 686,4818.84
PROD-01288,Kingston Auricular - Modelo 364,2522.88
PROD-01289,Sony Gabinete - Modelo 607,1135.06
PROD-01290,Samsung Gabinete - Modelo 404,1874.93
PROD-01291,Dell RAM - Modelo 608,867.7
PROD-01292,Dell RAM - Modelo 771,3949.71
PROD-01293,Corsair Monitor - Modelo 137,925.28
PROD-01294,Dell Teclado - Modelo 369,386.71
PROD-01295,Samsung Gabinete - Modelo 297,1883.06
PROD-01296,ASUS Teclado - Modelo 795,3297.29
PROD-01297,Corsair Monitor - Modelo 569,1225.63
PROD-01298,Logitech SSD - Modelo 795,3216.94
PROD-01299,Logitech SSD - Modelo 805,4371.31
PROD-01300,Dell Mouse - Modelo 710,2983.78
PROD-01301,LG Fuente - Modelo 693,1335.38
PROD-01302,ASUS Webcam - Modelo 908,2490.48
PROD-01303,Samsung Teclado - Modelo 318,786.27
PROD-01304,Logitech Gabinete - Modelo 203,211.47
PROD-01305,Logitech Auricular - Modelo 109,699.38
PROD-01306,Razer Gabinete - Modelo 839,2159.99
PROD-01307,Corsair SSD - Modelo 990,4179.56
PROD-01308,ASUS Fuente - Modelo 546,811.46
PROD-01309,Kingston Teclado - Modelo 896,2598.69
PROD-01310,Corsair SSD - Modelo 783,2863.07
PROD-01311,Sony SSD - Modelo 215,3116.46
PROD-01312,Sony Monitor - Modelo 632,2495.45
PROD-01313,Kingston Teclado - Modelo 736,1661.28
PROD-01314,LG RAM - Modelo 668,1243.6
PROD-01315,Kingston Monitor - Modelo 655,972.52
PROD-01316,Corsair Monitor - Modelo 684,2802.75
PROD-01317,Corsair Auricular - Modelo 576,3312.07
PROD-01318,Dell Webcam - Modelo 981,1184.48
PROD-01319,LG RAM - Modelo 377,2932.22
PROD-01320,LG RAM - Modelo 232,1525.93
PROD-01321,Logitech Fuente - Modelo 569,2966.62
PROD-01322,Samsung Gabinete - Modelo 982,4075.54
PROD-01323,Razer Teclado - Modelo 644,779.89
PROD-01324,Logitech SSD - Modelo 746,2168.26
PROD-01325,HP Webcam - Modelo 903,1407.26
PROD-01326,Sony Auricular - Modelo 870,1704.32
PROD-01327,LG SSD - Modelo 963,4366.46
PROD-01328,Corsair RAM - Modelo 639,3395.63
PROD-01329,Razer Fuente - Modelo 271,4142.63
PROD-01330,LG Laptop - Modelo 729,583.92
PROD-01331,Sony Webcam - Modelo 910,3204.57
PROD-01332,Logitech Teclado - Modelo 316,3401.93
PROD-01333,ASUS Teclado - Modelo 571,3745.29
PROD-01334,LG Laptop - Modelo 164,2417.74
PROD-01335,HP Gabinete - Modelo 307,520.64
PROD-01336,Dell Teclado - Modelo 542,4811.12
PROD-01337,LG Auricular - Modelo 838,2631.78
PROD-01338,LG Fuente - Modelo 866,756.24
PROD-01339,Dell Fuente - Modelo 867,3423.32
PROD-01340,HP Mouse - Modelo 781,41.85
PROD-01341,LG Laptop - Modelo 353,108.54
PROD-01342,Razer Webcam - Modelo 781,3177.31
PROD-01343,Corsair Webcam - Modelo 773,1093.75
PROD-01344,Kingston Monitor - Modelo 119,1386.43
PROD-01345,LG Fuente - Modelo 972,3052.43
PROD-01346,Corsair Laptop - Modelo 275,442.21
PROD-01347,LG Auricular - Modelo 295,986.84
PROD-01348,LG SSD - Modelo 460,4600.15
PROD-01349,Razer Auricular - Modelo 276,805.64
PROD-01350,Corsair Mouse - Modelo 930,4717.42
PROD-01351,Samsung Mouse - Modelo 957,545.5
PROD-01352,HP Auricular - Modelo 858,1470.62
PROD-01353,Kingston Monitor - Modelo 252,2340.67
PROD-01354,HP Auricular - Modelo 242,3864.66
PROD-01355,Kingston Auricular - Modelo 153,2712.41
PROD-01356,HP Gabinete - Modelo 182,3708.23
PROD-01357,ASUS Gabinete - Modelo 559,1840.16
PROD-01358,Dell Monitor - Modelo 435,1643.22
PROD-01359,Logitech Fuente - Modelo 519,490.14
PROD-01360,Kingston Laptop - Modelo 851,2439.75
PROD-01361,HP Teclado - Modelo 475,4113.62
PROD-01362,Sony Gabinete - Modelo 996,3300.95
PROD-01363,Razer SSD - Modelo 529,4383.76
PROD-01364,Kingston SSD - Modelo 876,3152.95
PROD-01365,Samsung Monitor - Modelo 996,3752.06
PROD-01366,Corsair Mouse - Modelo 239,2242.89
PROD-01367,Corsair Monitor - Modelo 988,1755.74
PROD-01368,Logitech Laptop - Modelo 839,1349.74
PROD-01369,LG Teclado - Modelo 191,2510.17
PROD-01370,Corsair Laptop - Modelo 998,3278.55
PROD-01371,Sony Teclado - Modelo 284,4798.72
PROD-01372,Dell RAM - Modelo 449,1727.33
PROD-01373,ASUS Webcam - Modelo 790,3087.0
PROD-01374,Logitech Laptop - Modelo 790,4736.86
PROD-01375,Razer Monitor - Modelo 804,734.67
PROD-01376,ASUS Laptop - Modelo 958,1057.45
PROD-01377,Dell Teclado - Modelo 185,1192.21
PROD-01378,Razer Gabinete - Modelo 754,2944.72
PROD-01379,Razer Teclado - Modelo 945,3371.77
PROD-01380,Razer Teclado - Modelo 852,3909.69
PROD-01381,Razer Gabinete - Modelo 928,1976.75
PROD-01382,LG Auricular - Modelo 136,3863.02
PROD-01383,Corsair Webcam - Modelo 120,300.85
PROD-01384,LG Auricular - Modelo 748,4586.03
PROD-01385,HP Gabinete - Modelo 461,561.57
PROD-01386,Samsung Webcam - Modelo 315,1248.72
PROD-01387,LG SSD - Modelo 408,4234.86
PROD-01388,Logitech SSD - Modelo 919,629.07
PROD-01389,LG Laptop - Modelo 731,3128.65
PROD-01390,HP Teclado - Modelo 752,3379.07
PROD-01391,Sony Auricular - Modelo 728,1801.51
PROD-01392,Dell SSD - Modelo 876,3785.39
PROD-01393,Logitech Auricular - Modelo 867,2283.51
PROD-01394,Corsair Monitor - Modelo 707,3337.22
PROD-01395,HP Laptop - Modelo 218,4861.53
PROD-01396,Dell Fuente - Modelo 233,4568.38
PROD-01397,Razer Teclado - Modelo 660,4098.14
PROD-01398,Corsair Webcam - Modelo 345,4677.47
PROD-01399,Razer SSD - Modelo 136,425.91
PROD-01400,ASUS Gabinete - Modelo 943,1475.36
PROD-01401,HP Laptop - Modelo 960,4557.64
PROD-01402,Kingston Laptop - Modelo 613,1162.1
PROD-01403,Corsair Gabinete - Modelo 185,2176.26
PROD-01404,Logitech Gabinete - Modelo 175,1503.55
PROD-01405,Kingston Monitor - Modelo 737,3465.98
PROD-01406,Razer Fuente - Modelo 501,1628.64
PROD-01407,Kingston Fuente - Modelo 285,4280.43
PROD-01408,Samsung Laptop - Modelo 556,2210.74
PROD-01409,Sony Gabinete - Modelo 479,1204.59
PROD-01410,Samsung Fuente - Modelo 433,4881.28
PROD-01411,Razer SSD - Modelo 683,4319.09
PROD-01412,ASUS Auricular - Modelo 561,2943.4
PROD-01413,Logitech SSD - Modelo 635,2417.3
PROD-01414,Dell Laptop - Modelo 335,570.69
PROD-01415,Dell Mouse - Modelo 680,1442.16
PROD-01416,LG Gabinete - Modelo 738,557.0
PROD-01417,HP Teclado - Modelo 384,697.0
PROD-01418,Corsair Mouse - Modelo 691,4508.53
PROD-01419,LG Laptop - Modelo 594,284.09
PROD-01420,Sony Fuente - Modelo 626,1316.19
PROD-01421,Samsung Laptop - Modelo 669,2427.75
PROD-01422,Corsair Monitor - Modelo 294,2332.78
PROD-01423,Dell Gabinete - Modelo 329,3340.56
PROD-01424,Kingston Mouse - Modelo 682,3167.25
PROD-01425,HP Monitor - Modelo 110,513.54
PROD-01426,Kingston Mouse - Modelo 482,2818.29
PROD-01427,Dell Gabinete - Modelo 363,213.58
PROD-01428,LG Webcam - Modelo 638,4887.28
PROD-01429,ASUS Laptop - Modelo 687,1190.05
PROD-01430,Corsair Laptop - Modelo 530,220.15
PROD-01431,HP Teclado - Modelo 331,1048.29
PROD-01432,Logitech Laptop - Modelo 744,4731.31
PROD-01433,Razer Teclado - Modelo 108,3812.84
PROD-01434,Kingston RAM - Modelo 275,2308.92
PROD-01435,Kingston Mouse - Modelo 520,3059.37
PROD-01436,Razer Laptop - Modelo 860,1098.75
PROD-01437,Corsair Mouse - Modelo 633,160.06
PROD-01438,LG Gabinete - Modelo 546,4962.92
PROD-01439,Dell Mouse - Modelo 829,3583.47
PROD-01440,Razer Monitor - Modelo 721,319.29
PROD-01441,LG SSD - Modelo 398,4621.28
PROD-01442,Sony Teclado - Modelo 977,4035.4
PROD-01443,Sony Teclado - Modelo 694,1229.35
PROD-01444,Logitech Webcam - Modelo 235,523.72
PROD-01445,LG Laptop - Modelo 468,1910.37
PROD-01446,HP Webcam - Modelo 956,4581.01
PROD-01447,Dell Laptop - Modelo 805,2155.3
PROD-01448,Samsung Monitor - Modelo 709,3080.82
PROD-01449,ASUS Monitor - Modelo 112,3784.6
PROD-01450,LG Monitor - Modelo 626,2093.25
PROD-01451,Sony Gabinete - Modelo 499,4302.4
PROD-01452,Dell Webcam - Modelo 685,781.66
PROD-01453,ASUS Monitor - Modelo 810,2997.68
PROD-01454,Samsung Gabinete - Modelo 227,4085.86
PROD-01455,Razer SSD - Modelo 761,864.52
PROD-01456,LG Laptop - Modelo 972,3243.9
PROD-01457,LG Laptop - Modelo 418,4772.1
PROD-01458,Razer Webcam - Modelo 740,4364.3
PROD-01459,Dell Gabinete - Modelo 527,636.34
PROD-01460,Kingston Fuente - Modelo 843,4416.65
PROD-01461,LG Fuente - Modelo 719,527.74
PROD-01462,Samsung RAM - Modelo 278,3179.15
PROD-01463,ASUS SSD - Modelo 276,729.51
PROD-01464,Dell RAM - Modelo 599,3325.2
PROD-01465,HP Monitor - Modelo 743,2142.92
PROD-01466,HP RAM - Modelo 780,3849.36
PROD-01467,Dell SSD - Modelo 878,2549.3
PROD-01468,Razer Monitor - Modelo 205,2781.67
PROD-01469,Logitech RAM - Modelo 414,4573.61
PROD-01470,Dell Teclado - Modelo 807,473.3
PROD-01471,LG Teclado - Modelo 248,3706.89
PROD-01472,Kingston Gabinete - Modelo 772,231.02
PROD-01473,LG Monitor - Modelo 946,3136.07
PROD-01474,Sony Mouse - Modelo 921,4762.77
PROD-01475,Corsair Gabinete - Modelo 578,3266.22
PROD-01476,Kingston SSD - Modelo 517,28.28
PROD-01477,Dell Gabinete - Modelo 464,3592.51
PROD-01478,Sony Fuente - Modelo 725,500.01
PROD-01479,Kingston SSD - Modelo 198,2608.13
PROD-01480,Dell Auricular - Modelo 906,4399.94
PROD-01481,Samsung Teclado - Modelo 565,986.46
PROD-01482,Dell Auricular - Modelo 451,4938.82
PROD-01483,Dell Laptop - Modelo 166,1733.78
PROD-01484,Dell Monitor - Modelo 851,2161.44
PROD-01485,ASUS Laptop - Modelo 902,1447.09
PROD-01486,Dell SSD - Modelo 589,492.76
PROD-01487,LG SSD - Modelo 318,2650.72
PROD-01488,Dell Auricular - Modelo 671,3829.43
PROD-01489,ASUS Teclado - Modelo 239,4015.27
PROD-01490,HP Teclado - Modelo 638,2161.12
PROD-01491,Samsung Gabinete - Modelo 893,3491.74
PROD-01492,Razer RAM - Modelo 414,3817.43
PROD-01493,LG Teclado - Modelo 878,4554.17
PROD-01494,Samsung Webcam - Modelo 244,481.6
PROD-01495,ASUS Auricular - Modelo 753,4413.71
PROD-01496,LG Fuente - Modelo 515,1386.49
PROD-01497,Kingston Auricular - Modelo 557,961.57
PROD-01498,Kingston Laptop - Modelo 858,1519.81
PROD-01499,Logitech Webcam - Modelo 208,1627.86
PROD-01500,ASUS Webcam - Modelo 709,951.64
PROD-01501,LG RAM - Modelo 801,718.96
PROD-01502,Corsair Mouse - Modelo 879,3718.33
PROD-01503,Logitech Laptop - Modelo 219,1250.52
PROD-01504,HP Gabinete - Modelo 254,366.87
PROD-01505,Samsung Teclado - Modelo 148,1012.52
PROD-01506,Sony Teclado - Modelo 367,2242.75
PROD-01507,Kingston Teclado - Modelo 865,2262.23
PROD-01508,Sony SSD - Modelo 930,3946.73
PROD-01509,Logitech Teclado - Modelo 250,1617.96
PROD-01510,Samsung Monitor - Modelo 614,252.99
PROD-01511,Razer Laptop - Modelo 889,3717.29
PROD-01512,Razer Laptop - Modelo 840,341.25
PROD-01513,Corsair Mouse - Modelo 977,3191.24
PROD-01514,Logitech Monitor - Modelo 273,462.89
PROD-01515,Samsung Gabinete - Modelo 418,4720.45
PROD-01516,Logitech Fuente - Modelo 595,1837.24
PROD-01517,Logitech Laptop - Modelo 836,95.18
PROD-01518,Kingston Webcam - Modelo 575,3104.5
PROD-01519,Corsair Monitor - Modelo 945,2840.2
PROD-01520,Corsair Webcam - Modelo 672,3850.8
PROD-01521,Samsung Laptop - Modelo 433,139.24
PROD-01522,Sony Laptop - Modelo 248,1991.86
PROD-01523,Kingston Mouse - Modelo 932,2552.3
PROD-01524,HP RAM - Modelo 731,668.51
PROD-01525,Logitech Webcam - Modelo 740,2111.11
PROD-01526,Kingston SSD - Modelo 670,4985.82
PROD-01527,HP Auricular - Modelo 324,1184.95
PROD-01528,Samsung RAM - Modelo 424,3270.38
PROD-01529,Logitech Teclado - Modelo 986,4164.33
PROD-01530,Kingston Monitor - Modelo 243,4637.98
PROD-01531,HP Monitor - Modelo 348,3769.42
PROD-01532,Dell Fuente - Modelo 301,1456.63
PROD-01533,Dell Mouse - Modelo 560,4837.36
PROD-01534,Kingston RAM - Modelo 925,4747.12
PROD-01535,HP Gabinete - Modelo 164,1805.64
PROD-01536,LG Gabinete - Modelo 497,1402.04
PROD-01537,Corsair Teclado - Modelo 190,2665.31
PROD-01538,ASUS RAM - Modelo 242,2014.49
PROD-01539,HP Gabinete - Modelo 547,197.56
PROD-01540,Dell Fuente - Modelo 502,4268.17
PROD-01541,Logitech Auricular - Modelo 628,2551.86
PROD-01542,Dell SSD - Modelo 915,3079.53
PROD-01543,Kingston Gabinete - Modelo 170,1455.93
PROD-01544,Logitech Webcam - Modelo 295,4961.99
PROD-01545,Dell Auricular - Modelo 695,3730.84
PROD-01546,Sony Laptop - Modelo 473,1723.57
PROD-01547,Kingston SSD - Modelo 145,2980.15
PROD-01548,Corsair Auricular - Modelo 311,3967.16
PROD-01549,HP Laptop - Modelo 608,1790.12
PROD-01550,LG SSD - Modelo 400,250.06
PROD-01551,HP RAM - Modelo 527,2962.98
PROD-01552,ASUS Teclado - Modelo 500,1428.46
PROD-01553,Dell SSD - Modelo 653,3314.63
PROD-01554,Sony Webcam - Modelo 585,2275.42
PROD-01555,Razer SSD - Modelo 459,2828.85
PROD-01556,Corsair Mouse - Modelo 972,2260.2
PROD-01557,Dell RAM - Modelo 268,2149.23
PROD-01558,Corsair Monitor - Modelo 459,2360.62
PROD-01559,Sony Webcam - Modelo 536,1078.92
PROD-01560,Samsung Fuente - Modelo 867,210.93
PROD-01561,Kingston Webcam - Modelo 669,3865.44
PROD-01562,LG Monitor - Modelo 580,3389.62
PROD-01563,Razer Fuente - Modelo 403,195.28
PROD-01564,Sony Laptop - Modelo 230,1969.42
PROD-01565,Corsair SSD - Modelo 474,4757.07
PROD-01566,Corsair SSD - Modelo 658,1533.22
PROD-01567,Logitech Laptop - Modelo 690,4473.13
PROD-01568,Razer Mouse - Modelo 451,3137.25
PROD-01569,LG Laptop - Modelo 731,4219.96
PROD-01570,ASUS Auricular - Modelo 304,4264.91
PROD-01571,Sony Fuente - Modelo 911,163.68
PROD-01572,Kingston Teclado - Modelo 815,1374.65
PROD-01573,HP Teclado - Modelo 726,2808.57
PROD-01574,Logitech Monitor - Modelo 802,1190.77
PROD-01575,Corsair Gabinete - Modelo 392,93.13
PROD-01576,Corsair Mouse - Modelo 257,4708.85
PROD-01577,Corsair Teclado - Modelo 428,1561.11
PROD-01578,Sony SSD - Modelo 304,789.82
PROD-01579,ASUS RAM - Modelo 262,796.74
PROD-01580,Logitech Laptop - Modelo 782,2128.7
PROD-01581,LG SSD - Modelo 867,600.97
PROD-01582,Samsung Mouse - Modelo 140,1533.36
PROD-01583,Samsung Auricular - Modelo 431,998.93
PROD-01584,HP Fuente - Modelo 961,394.4
PROD-01585,Razer Gabinete - Modelo 333,1511.36
PROD-01586,ASUS Monitor - Modelo 380,2218.14
PROD-01587,Razer Auricular - Modelo 670,389.23
PROD-01588,Kingston Teclado - Modelo 140,2406.73
PROD-01589,Logitech Monitor - Modelo 631,2122.83
PROD-01590,Razer Monitor - Modelo 625,3031.48
PROD-01591,Razer SSD - Modelo 298,3476.87
PROD-01592,ASUS Auricular - Modelo 951,4600.65
PROD-01593,Corsair Webcam - Modelo 448,4377.26
PROD-01594,HP Auricular - Modelo 635,4859.52
PROD-01595,Razer SSD - Modelo 658,1184.57
PROD-01596,LG Mouse - Modelo 636,2131.98
PROD-01597,LG Monitor - Modelo 508,984.34
PROD-01598,Dell Gabinete - Modelo 306,1379.67
PROD-01599,LG RAM - Modelo 957,4555.69
PROD-01600,Dell Laptop - Modelo 693,1733.08
PROD-01601,LG Mouse - Modelo 886,4310.31
PROD-01602,LG SSD - Modelo 434,3014.95
PROD-01603,ASUS Laptop - Modelo 953,511.7
PROD-01604,Dell Mouse - Modelo 203,4669.82
PROD-01605,HP Webcam - Modelo 570,756.74
PROD-01606,HP Laptop - Modelo 399,1542.65
PROD-01607,Logitech Webcam - Modelo 512,1572.68
PROD-01608,Corsair Mouse - Modelo 611,4267.06
PROD-01609,Razer Gabinete - Modelo 701,2454.38
PROD-01610,Samsung Gabinete - Modelo 660,3973.42
PROD-01611,LG Gabinete - Modelo 935,1989.18
PROD-01612,Logitech Mouse - Modelo 870,4284.42
PROD-01613,Kingston Webcam - Modelo 344,3528.94
PROD-01614,ASUS Fuente - Modelo 783,2313.07
PROD-01615,Samsung RAM - Modelo 963,4965.44
PROD-01616,LG Monitor - Modelo 403,1272.6
PROD-01617,HP RAM - Modelo 696,1504.28
PROD-01618,Razer Gabinete - Modelo 307,314.3
PROD-01619,ASUS Gabinete - Modelo 829,3383.69
PROD-01620,Razer Mouse - Modelo 684,2715.25
PROD-01621,Logitech Monitor - Modelo 872,950.77
PROD-01622,ASUS Webcam - Modelo 837,3616.79
PROD-01623,Dell Monitor - Modelo 130,4818.52
PROD-01624,HP Webcam - Modelo 256,2663.45
PROD-01625,LG Auricular - Modelo 731,1323.41
PROD-01626,Kingston Teclado - Modelo 854,525.28
PROD-01627,Logitech Laptop - Modelo 395,369.02
PROD-01628,LG Fuente - Modelo 629,3415.92
PROD-01629,Samsung Mouse - Modelo 231,2927.98
PROD-01630,HP SSD - Modelo 154,3752.6
PROD-01631,Razer Monitor - Modelo 578,2227.97
PROD-01632,Sony RAM - Modelo 583,1439.06
PROD-01633,Dell Monitor - Modelo 797,3839.89
PROD-01634,Razer Auricular - Modelo 402,1311.94
PROD-01635,HP Laptop - Modelo 110,3271.89
PROD-01636,Kingston Mouse - Modelo 116,2866.15
PROD-01637,Kingston Mouse - Modelo 150,2425.09
PROD-01638,Corsair RAM - Modelo 810,4252.61
PROD-01639,LG Mouse - Modelo 657,80.03
PROD-01640,LG Gabinete - Modelo 573,3094.78
PROD-01641,Kingston Fuente - Modelo 887,2800.1
PROD-01642,Logitech SSD - Modelo 649,181.69
PROD-01643,Logitech Laptop - Modelo 531,1379.22
PROD-01644,Samsung Mouse - Modelo 813,4855.79
PROD-01645,LG SSD - Modelo 586,3166.0
PROD-01646,Razer SSD - Modelo 503,3279.94
PROD-01647,Dell Laptop - Modelo 335,4880.0
PROD-01648,Dell SSD - Modelo 185,1033.98
PROD-01649,Logitech Laptop - Modelo 949,338.34
PROD-01650,Sony RAM - Modelo 101,2515.77
PROD-01651,Samsung RAM - Modelo 262,4350.97
PROD-01652,HP RAM - Modelo 318,116.15
PROD-01653,Logitech Monitor - Modelo 419,1384.85
PROD-01654,Dell Mouse - Modelo 404,1798.29
PROD-01655,Kingston Laptop - Modelo 437,903.79
PROD-01656,Logitech Mouse - Modelo 756,2396.25
PROD-01657,Dell Gabinete - Modelo 686,4649.79
PROD-01658,HP Monitor - Modelo 823,3346.32
PROD-01659,Sony Webcam - Modelo 823,244.47
PROD-01660,Logitech Auricular - Modelo 151,2200.06
PROD-01661,Sony SSD - Modelo 844,2763.94
PROD-01662,LG SSD - Modelo 460,177.18
PROD-01663,Corsair SSD - Modelo 748,1940.42
PROD-01664,Sony Gabinete - Modelo 151,4503.42
PROD-01665,ASUS SSD - Modelo 625,3246.67
PROD-01666,HP Fuente - Modelo 644,3011.63
PROD-01667,Dell Monitor - Modelo 393,609.44
PROD-01668,LG Webcam - Modelo 832,3073.03
PROD-01669,Samsung Gabinete - Modelo 164,3122.46
PROD-01670,HP Teclado - Modelo 278,4441.68
PROD-01671,Samsung Webcam - Modelo 155,2151.99
PROD-01672,Kingston Teclado - Modelo 910,3884.32
PROD-01673,LG SSD - Modelo 993,2662.15
PROD-01674,HP Webcam - Modelo 398,4192.12
PROD-01675,Samsung Gabinete - Modelo 754,1815.52
PROD-01676,Kingston Fuente - Modelo 239,2247.15
PROD-01677,Samsung Mouse - Modelo 935,342.46
PROD-01678,Samsung Teclado - Modelo 552,1447.0
PROD-01679,Logitech Fuente - Modelo 134,1827.07
PROD-01680,Dell Monitor - Modelo 230,332.08
PROD-01681,ASUS Teclado - Modelo 636,2471.69
PROD-01682,LG Monitor - Modelo 166,1723.96
PROD-01683,HP SSD - Modelo 467,2503.16
PROD-01684,HP RAM - Modelo 828,3922.4
PROD-01685,Razer Teclado - Modelo 202,596.61
PROD-01686,Kingston Auricular - Modelo 837,771.08
PROD-01687,LG RAM - Modelo 459,4642.19
PROD-01688,Dell Mouse - Modelo 325,4756.69
PROD-01689,Dell Gabinete - Modelo 634,4401.2
PROD-01690,Dell Teclado - Modelo 588,2973.96
PROD-01691,Kingston Webcam - Modelo 448,1086.31
PROD-01692,Logitech Mouse - Modelo 858,1639.79
PROD-01693,ASUS Mouse - Modelo 781,4493.3
PROD-01694,Dell Teclado - Modelo 931,1782.28
PROD-01695,HP SSD - Modelo 487,1907.53
PROD-01696,LG Mouse - Modelo 740,3631.16
PROD-01697,ASUS Teclado - Modelo 591,2295.7
PROD-01698,LG Laptop - Modelo 186,2511.67
PROD-01699,Samsung Webcam - Modelo 547,4948.61
PROD-01700,Samsung Laptop - Modelo 855,691.22
PROD-01701,Samsung SSD - Modelo 627,476.14
PROD-01702,Corsair Auricular - Modelo 371,3293.31
PROD-01703,LG Auricular - Modelo 508,2044.54
PROD-01704,LG SSD - Modelo 966,3364.65
PROD-01705,Corsair Laptop - Modelo 580,1149.21
PROD-01706,Samsung Webcam - Modelo 576,3986.96
PROD-01707,HP Gabinete - Modelo 373,3719.63
PROD-01708,Samsung Teclado - Modelo 194,146.12
PROD-01709,ASUS Teclado - Modelo 704,3854.94
PROD-01710,Razer RAM - Modelo 966,388.74
PROD-01711,Kingston Fuente - Modelo 817,1860.58
PROD-01712,Razer Auricular - Modelo 209,2668.5
PROD-01713,Samsung Mouse - Modelo 778,843.52
PROD-01714,Samsung Auricular - Modelo 352,983.37
PROD-01715,LG Laptop - Modelo 227,4564.89
PROD-01716,Dell Gabinete - Modelo 402,1131.18
PROD-01717,Sony Teclado - Modelo 293,2990.5
PROD-01718,HP Fuente - Modelo 485,2540.7
PROD-01719,Sony Teclado - Modelo 518,3419.23
PROD-01720,Logitech Webcam - Modelo 243,1643.2
PROD-01721,Kingston Monitor - Modelo 122,2009.6
PROD-01722,Corsair RAM - Modelo 142,4815.67
PROD-01723,HP Teclado - Modelo 631,4806.89
PROD-01724,HP Monitor - Modelo 198,118.53
PROD-01725,Corsair Teclado - Modelo 537,1254.79
PROD-01726,ASUS Mouse - Modelo 825,1764.43
PROD-01727,Samsung Auricular - Modelo 443,850.12
PROD-01728,Kingston Laptop - Modelo 545,1051.77
PROD-01729,Razer Gabinete - Modelo 120,3015.68
PROD-01730,LG Laptop - Modelo 502,1061.97
PROD-01731,Kingston SSD - Modelo 453,1227.86
PROD-01732,Logitech Auricular - Modelo 628,2609.37
PROD-01733,Razer Monitor - Modelo 800,3940.82
PROD-01734,Logitech Laptop - Modelo 279,1094.05
PROD-01735,LG RAM - Modelo 762,3344.21
PROD-01736,HP Fuente - Modelo 731,2214.67
PROD-01737,ASUS RAM - Modelo 575,3312.0
PROD-01738,Razer RAM - Modelo 191,1710.94
PROD-01739,Samsung Mouse - Modelo 677,4927.26
PROD-01740,Dell Fuente - Modelo 441,3217.67
PROD-01741,Samsung RAM - Modelo 914,4062.89
PROD-01742,Samsung Fuente - Modelo 500,4298.95
PROD-01743,LG Monitor - Modelo 791,2440.83
PROD-01744,LG Auricular - Modelo 781,1925.48
PROD-01745,Sony Monitor - Modelo 242,4721.01
PROD-01746,Sony Fuente - Modelo 725,1836.57
PROD-01747,Samsung Teclado - Modelo 124,232.36
PROD-01748,Samsung Auricular - Modelo 849,1228.99
PROD-01749,Razer Mouse - Modelo 389,4855.11
PROD-01750,Razer Laptop - Modelo 862,200.13
PROD-01751,Kingston Mouse - Modelo 807,3417.14
PROD-01752,HP Gabinete - Modelo 152,4196.82
PROD-01753,Kingston Laptop - Modelo 319,3820.02
PROD-01754,Dell Mouse - Modelo 507,3654.02
PROD-01755,ASUS RAM - Modelo 855,4748.56
PROD-01756,Razer Webcam - Modelo 638,275.0
PROD-01757,Dell Fuente - Modelo 184,2607.78
PROD-01758,Dell Fuente - Modelo 859,1466.43
PROD-01759,Razer Laptop - Modelo 348,3385.5
PROD-01760,Samsung Gabinete - Modelo 546,4010.63
PROD-01761,LG Fuente - Modelo 398,178.14
PROD-01762,LG RAM - Modelo 608,743.17
PROD-01763,Logitech Gabinete - Modelo 852,4350.12
PROD-01764,Dell Webcam - Modelo 819,1871.74
PROD-01765,Logitech Teclado - Modelo 917,1966.48
PROD-01766,ASUS Teclado - Modelo 808,3600.38
PROD-01767,Samsung Monitor - Modelo 735,1402.63
PROD-01768,Razer Mouse - Modelo 888,1630.29
PROD-01769,Razer Fuente - Modelo 762,3352.3
PROD-01770,Kingston Auricular - Modelo 935,1002.93
PROD-01771,Dell Teclado - Modelo 914,3685.18
PROD-01772,Logitech Webcam - Modelo 180,2251.93
PROD-01773,Logitech Fuente - Modelo 229,2457.76
PROD-01774,ASUS Webcam - Modelo 295,4445.53
PROD-01775,Razer Webcam - Modelo 303,1399.99
PROD-01776,ASUS Auricular - Modelo 122,2788.11
PROD-01777,Sony Gabinete - Modelo 735,832.03
PROD-01778,Dell Auricular - Modelo 841,2730.47
PROD-01779,Dell RAM - Modelo 977,4662.52
PROD-01780,Kingston Mouse - Modelo 456,3650.54
PROD-01781,ASUS Monitor - Modelo 209,1219.91
PROD-01782,Sony Mouse - Modelo 184,492.21
PROD-01783,Kingston SSD - Modelo 827,3315.14
PROD-01784,Samsung Auricular - Modelo 925,1466.87
PROD-01785,Logitech Monitor - Modelo 607,4985.44
PROD-01786,Corsair SSD - Modelo 150,4252.17
PROD-01787,HP Webcam - Modelo 409,2033.7
PROD-01788,Logitech Auricular - Modelo 923,3946.57
PROD-01789,Logitech Auricular - Modelo 411,2138.22
PROD-01790,Kingston Auricular - Modelo 118,409.66
PROD-01791,Samsung Monitor - Modelo 816,1074.3
PROD-01792,LG RAM - Modelo 850,1837.01
PROD-01793,Samsung Mouse - Modelo 383,3381.07
PROD-01794,Logitech Auricular - Modelo 409,4049.96
PROD-01795,Logitech Teclado - Modelo 817,1069.43
PROD-01796,Razer RAM - Modelo 433,1001.48
PROD-01797,Dell Monitor - Modelo 291,498.21
PROD-01798,Samsung Monitor - Modelo 899,231.63
PROD-01799,Kingston Monitor - Modelo 704,2375.72
PROD-01800,Corsair Gabinete - Modelo 489,1181.93
PROD-01801,HP Fuente - Modelo 712,1510.18
PROD-01802,Corsair Monitor - Modelo 918,2858.71
PROD-01803,Logitech Laptop - Modelo 267,669.15
PROD-01804,Kingston Laptop - Modelo 562,509.53
PROD-01805,HP Mouse - Modelo 227,3364.03
PROD-01806,Kingston Teclado - Modelo 238,4669.69
PROD-01807,Razer Webcam - Modelo 678,1875.94
PROD-01808,HP Auricular - Modelo 672,145.07
PROD-01809,Samsung SSD - Modelo 992,3918.47
PROD-01810,HP SSD - Modelo 207,317.13
PROD-01811,HP Monitor - Modelo 575,4052.87
PROD-01812,Logitech Fuente - Modelo 125,3699.55
PROD-01813,LG SSD - Modelo 382,1409.15
PROD-01814,Samsung Mouse - Modelo 547,4125.82
PROD-01815,Samsung Mouse - Modelo 393,2379.08
PROD-01816,Sony Webcam - Modelo 972,2318.87
PROD-01817,Kingston Mouse - Modelo 991,4388.9
PROD-01818,ASUS Fuente - Modelo 452,347.05
PROD-01819,Logitech Auricular - Modelo 407,2578.47
PROD-01820,ASUS Teclado - Modelo 378,1853.9
PROD-01821,Logitech Auricular - Modelo 833,2653.5
PROD-01822,Corsair Laptop - Modelo 709,2163.76
PROD-01823,Dell Fuente - Modelo 987,1192.86
PROD-01824,Dell Webcam - Modelo 144,1249.14
PROD-01825,Dell SSD - Modelo 811,1900.27
PROD-01826,Corsair RAM - Modelo 948,196.17
PROD-01827,Kingston Gabinete - Modelo 514,25.13
PROD-01828,ASUS SSD - Modelo 332,1780.14
PROD-01829,HP Teclado - Modelo 735,3474.67
PROD-01830,HP Laptop - Modelo 571,653.94
PROD-01831,Razer SSD - Modelo 341,1348.57
PROD-01832,HP Laptop - Modelo 171,2492.19
PROD-01833,Samsung Mouse - Modelo 190,4640.46
PROD-01834,LG Mouse - Modelo 261,3936.72
PROD-01835,Sony Monitor - Modelo 212,3365.69
PROD-01836,Sony SSD - Modelo 823,3197.63
PROD-01837,Sony Webcam - Modelo 571,3901.76
PROD-01838,LG Auricular - Modelo 632,851.83
PROD-01839,Kingston Mouse - Modelo 781,4208.18
PROD-01840,HP Auricular - Modelo 647,4393.39
PROD-01841,ASUS Webcam - Modelo 964,1230.81
PROD-01842,Logitech Auricular - Modelo 203,1799.04
PROD-01843,ASUS Teclado - Modelo 979,63.87
PROD-01844,Dell Fuente - Modelo 544,1329.33
PROD-01845,LG Gabinete - Modelo 214,3089.81
PROD-01846,Samsung Mouse - Modelo 712,3982.42
PROD-01847,LG Monitor - Modelo 281,2289.0
PROD-01848,LG Mouse - Modelo 897,4280.82
PROD-01849,Sony RAM - Modelo 467,4468.52
PROD-01850,Sony RAM - Modelo 967,1880.27
PROD-01851,Razer Laptop - Modelo 897,3401.4
PROD-01852,Kingston Gabinete - Modelo 314,2676.23
PROD-01853,Samsung RAM - Modelo 274,1892.58
PROD-01854,LG Mouse - Modelo 965,2444.63
PROD-01855,Kingston Gabinete - Modelo 993,4999.74
PROD-01856,HP Auricular - Modelo 731,4242.84
PROD-01857,Samsung Gabinete - Modelo 355,62.33
PROD-01858,ASUS Auricular - Modelo 793,2387.54
PROD-01859,Corsair RAM - Modelo 110,3699.21
PROD-01860,Samsung Gabinete - Modelo 605,1661.31
PROD-01861,Logitech Monitor - Modelo 761,3010.13
PROD-01862,HP Gabinete - Modelo 754,3352.94
PROD-01863,Kingston Laptop - Modelo 250,1445.81
PROD-01864,Corsair Auricular - Modelo 618,4158.83
PROD-01865,ASUS Fuente - Modelo 209,713.9
PROD-01866,Samsung Mouse - Modelo 414,4535.41
PROD-01867,Razer Webcam - Modelo 675,4648.36
PROD-01868,Dell Gabinete - Modelo 619,2387.48
PROD-01869,Sony Monitor - Modelo 944,2972.02
PROD-01870,ASUS RAM - Modelo 373,206.59
PROD-01871,LG Teclado - Modelo 318,4276.52
PROD-01872,HP Webcam - Modelo 134,4664.82
PROD-01873,Dell SSD - Modelo 535,3541.73
PROD-01874,LG Monitor - Modelo 100,1741.35
PROD-01875,Dell Webcam - Modelo 467,991.64
PROD-01876,ASUS Fuente - Modelo 130,4325.47
PROD-01877,ASUS Fuente - Modelo 513,4631.77
PROD-01878,Samsung SSD - Modelo 862,3784.24
PROD-01879,Logitech Mouse - Modelo 658,411.06
PROD-01880,Samsung Webcam - Modelo 901,3491.9
PROD-01881,Razer SSD - Modelo 301,2530.06
PROD-01882,Corsair Mouse - Modelo 726,1985.04
PROD-01883,Sony Auricular - Modelo 288,2988.37
PROD-01884,Samsung Laptop - Modelo 323,1650.71
PROD-01885,Dell Fuente - Modelo 858,96.51
PROD-01886,Dell Mouse - Modelo 884,4542.74
PROD-01887,HP SSD - Modelo 778,974.95
PROD-01888,Sony Monitor - Modelo 344,271.28
PROD-01889,Kingston Monitor - Modelo 541,930.94
PROD-01890,Razer Webcam - Modelo 740,955.25
PROD-01891,Razer Monitor - Modelo 572,1414.86
PROD-01892,LG Mouse - Modelo 695,3351.9
PROD-01893,LG SSD - Modelo 508,4650.35
PROD-01894,Kingston Laptop - Modelo 893,3838.75
PROD-01895,LG Teclado - Modelo 184,2426.17
PROD-01896,Logitech Teclado - Modelo 563,630.15
PROD-01897,Logitech Laptop - Modelo 811,4012.51
PROD-01898,ASUS SSD - Modelo 146,4405.49
PROD-01899,Sony Mouse - Modelo 524,4809.41
PROD-01900,LG Webcam - Modelo 307,1614.47
PROD-01901,HP Mouse - Modelo 978,2230.35
PROD-01902,Dell Webcam - Modelo 274,4753.39
PROD-01903,HP Fuente - Modelo 343,206.75
PROD-01904,ASUS Teclado - Modelo 755,3859.63
PROD-01905,HP Mouse - Modelo 225,224.84
PROD-01906,Corsair Fuente - Modelo 468,2304.72
PROD-01907,ASUS Webcam - Modelo 383,3358.54
PROD-01908,Razer RAM - Modelo 575,4594.25
PROD-01909,Dell Gabinete - Modelo 772,4269.86
PROD-01910,Logitech Monitor - Modelo 241,4907.31
PROD-01911,Dell Mouse - Modelo 373,3961.73
PROD-01912,Samsung Fuente - Modelo 455,3621.19
PROD-01913,LG Teclado - Modelo 541,3836.02
PROD-01914,HP Teclado - Modelo 863,1183.37
PROD-01915,Corsair Laptop - Modelo 736,3979.63
PROD-01916,HP Monitor - Modelo 542,4495.57
PROD-01917,Logitech RAM - Modelo 396,2377.68
PROD-01918,Dell Fuente - Modelo 605,189.17
PROD-01919,Logitech Fuente - Modelo 992,4718.81
PROD-01920,Razer RAM - Modelo 322,1418.97
PROD-01921,Kingston Gabinete - Modelo 384,1588.44
PROD-01922,Kingston Teclado - Modelo 221,818.78
PROD-01923,Sony Laptop - Modelo 330,4613.57
PROD-01924,Corsair Mouse - Modelo 375,1412.91
PROD-01925,LG Gabinete - Modelo 889,815.4
PROD-01926,Samsung Mouse - Modelo 374,1952.55
PROD-01927,Kingston Auricular - Modelo 318,1353.02
PROD-01928,Logitech Mouse - Modelo 363,2757.29
PROD-01929,Razer SSD - Modelo 465,2464.94
PROD-01930,Samsung SSD - Modelo 586,3884.39
PROD-01931,Corsair Fuente - Modelo 135,3253.98
PROD-01932,Samsung Auricular - Modelo 336,2889.13
PROD-01933,HP Teclado - Modelo 129,2075.08
PROD-01934,Sony Teclado - Modelo 869,2060.16
PROD-01935,Dell Laptop - Modelo 308,406.72
PROD-01936,ASUS RAM - Modelo 874,3399.5
PROD-01937,Samsung RAM - Modelo 206,4733.4
PROD-01938,HP Laptop - Modelo 555,3594.84
PROD-01939,Dell Fuente - Modelo 142,1400.32
PROD-01940,Kingston Auricular - Modelo 591,4427.05
PROD-01941,LG Monitor - Modelo 252,156.69
PROD-01942,HP SSD - Modelo 930,884.15
PROD-01943,Razer Mouse - Modelo 839,959.86
PROD-01944,Razer Teclado - Modelo 347,3053.92
PROD-01945,Logitech Fuente - Modelo 688,734.1
PROD-01946,Corsair Laptop - Modelo 899,2647.97
PROD-01947,Logitech Fuente - Modelo 457,3854.54
PROD-01948,Sony Fuente - Modelo 582,4811.85
PROD-01949,HP Teclado - Modelo 670,3255.64
PROD-01950,Sony Fuente - Modelo 463,1774.47
PROD-01951,Kingston Auricular - Modelo 794,2973.37
PROD-01952,Razer Teclado - Modelo 341,1016.52
PROD-01953,Kingston Fuente - Modelo 268,4237.66
PROD-01954,HP Laptop - Modelo 213,446.25
PROD-01955,Logitech Mouse - Modelo 756,534.02
PROD-01956,ASUS Monitor - Modelo 302,4911.56
PROD-01957,ASUS Monitor - Modelo 604,4730.48
PROD-01958,Kingston Fuente - Modelo 203,380.11
PROD-01959,HP Monitor - Modelo 835,2754.06
PROD-01960,Sony Monitor - Modelo 994,643.45
PROD-01961,ASUS Mouse - Modelo 795,2600.75
PROD-01962,HP Auricular - Modelo 130,1538.15
PROD-01963,Logitech Monitor - Modelo 231,3691.78
PROD-01964,ASUS RAM - Modelo 674,880.83
PROD-01965,Logitech Teclado - Modelo 423,2446.71
PROD-01966,Samsung Gabinete - Modelo 450,769.88
PROD-01967,Razer Laptop - Modelo 451,2917.22
PROD-01968,HP RAM - Modelo 660,2582.42
PROD-01969,Razer Mouse - Modelo 290,2562.44
PROD-01970,Sony Monitor - Modelo 951,1541.98
PROD-01971,Sony Fuente - Modelo 372,1864.55
PROD-01972,ASUS Fuente - Modelo 151,2138.54
PROD-01973,Razer Gabinete - Modelo 686,2869.04
PROD-01974,LG Mouse - Modelo 843,803.73
PROD-01975,Corsair Auricular - Modelo 863,3471.89
PROD-01976,Kingston Laptop - Modelo 136,1886.24
PROD-01977,HP SSD - Modelo 399,3235.35
PROD-01978,Corsair Auricular - Modelo 481,601.13
PROD-01979,ASUS RAM - Modelo 299,1674.81
PROD-01980,ASUS RAM - Modelo 631,3515.94
PROD-01981,Razer Gabinete - Modelo 743,2408.67
PROD-01982,Dell Teclado - Modelo 629,816.29
PROD-01983,Sony SSD - Modelo 700,3112.16
PROD-01984,Logitech Fuente - Modelo 734,4222.27
PROD-01985,Samsung Laptop - Modelo 838,2339.28
PROD-01986,Razer Teclado - Modelo 982,4712.01
PROD-01987,Razer SSD - Modelo 801,1121.39
PROD-01988,LG SSD - Modelo 370,240.37
PROD-01989,Corsair SSD - Modelo 746,3568.2
PROD-01990,Corsair SSD - Modelo 456,4473.53
PROD-01991,Kingston Gabinete - Modelo 849,542.1
PROD-01992,Logitech Gabinete - Modelo 905,162.37
PROD-01993,HP Webcam - Modelo 908,3699.35
PROD-01994,ASUS Fuente - Modelo 912,3329.0
PROD-01995,Razer Webcam - Modelo 457,2850.92
PROD-01996,ASUS Gabinete - Modelo 109,394.3
PROD-01997,LG Fuente - Modelo 954,798.13
PROD-01998,HP Auricular - Modelo 932,4932.2
PROD-01999,HP Auricular - Modelo 868,3700.09
PROD-02000,Razer SSD - Modelo 862,2722.95
PROD-02001,Dell RAM - Modelo 490,4028.85
PROD-02002,Razer SSD - Modelo 916,389.53
PROD-02003,Razer Auricular - Modelo 619,2996.23
PROD-02004,Sony RAM - Modelo 763,1894.01
PROD-02005,Razer Laptop - Modelo 598,3324.37
PROD-02006,HP Gabinete - Modelo 736,4093.21
PROD-02007,HP SSD - Modelo 849,1323.3
PROD-02008,Samsung SSD - Modelo 237,31.09
PROD-02009,Dell Gabinete - Modelo 262,3871.79
PROD-02010,Dell Teclado - Modelo 539,962.96
PROD-02011,HP Mouse - Modelo 102,3398.38
PROD-02012,ASUS Mouse - Modelo 454,1720.39
PROD-02013,Dell RAM - Modelo 855,4308.28
PROD-02014,Dell Mouse - Modelo 193,1426.03
PROD-02015,HP Gabinete - Modelo 888,3804.72
PROD-02016,Razer Laptop - Modelo 746,4717.5
PROD-02017,Dell SSD - Modelo 274,1027.78
PROD-02018,Razer SSD - Modelo 898,2120.11
PROD-02019,HP Gabinete - Modelo 769,3893.41
PROD-02020,Sony Fuente - Modelo 879,51.87
PROD-02021,LG Auricular - Modelo 873,4087.57
PROD-02022,Dell SSD - Modelo 522,4233.82
PROD-02023,Sony Gabinete - Modelo 516,2020.11
PROD-02024,Dell SSD - Modelo 766,47.7
PROD-02025,Corsair Monitor - Modelo 468,447.21
PROD-02026,Razer SSD - Modelo 833,2837.06
PROD-02027,Samsung Mouse - Modelo 405,2148.4
PROD-02028,Dell Monitor - Modelo 769,3119.81
PROD-02029,Dell Fuente - Modelo 594,3583.55
PROD-02030,Logitech RAM - Modelo 513,2571.1
PROD-02031,ASUS RAM - Modelo 408,2070.24
PROD-02032,Samsung RAM - Modelo 422,783.99
PROD-02033,Sony Laptop - Modelo 700,2925.33
PROD-02034,Dell Monitor - Modelo 496,2912.01
PROD-02035,Sony Laptop - Modelo 400,103.78
PROD-02036,Samsung Webcam - Modelo 511,1476.04
PROD-02037,HP Fuente - Modelo 291,2060.66
PROD-02038,HP Gabinete - Modelo 786,1124.5
PROD-02039,Dell Monitor - Modelo 965,1453.9
PROD-02040,Dell Auricular - Modelo 208,1495.58
PROD-02041,Kingston Laptop - Modelo 920,3120.27
PROD-02042,Razer SSD - Modelo 989,3191.72
PROD-02043,LG RAM - Modelo 224,46.98
PROD-02044,ASUS Webcam - Modelo 191,4121.52
PROD-02045,ASUS Monitor - Modelo 953,432.01
PROD-02046,HP Teclado - Modelo 985,4786.97
PROD-02047,Corsair Gabinete - Modelo 321,4794.99
PROD-02048,LG Fuente - Modelo 978,1783.74
PROD-02049,Kingston Teclado - Modelo 844,3106.44
PROD-02050,Corsair Mouse - Modelo 209,427.87
PROD-02051,HP SSD - Modelo 668,405.29
PROD-02052,Corsair Auricular - Modelo 898,4244.74
PROD-02053,Kingston Teclado - Modelo 972,2067.74
PROD-02054,HP Laptop - Modelo 338,3060.24
PROD-02055,Sony RAM - Modelo 403,3011.52
PROD-02056,Corsair Teclado - Modelo 468,2618.34
PROD-02057,LG Teclado - Modelo 828,4862.58
PROD-02058,Logitech Auricular - Modelo 946,3053.44
PROD-02059,Sony SSD - Modelo 527,598.86
PROD-02060,Razer RAM - Modelo 927,4621.75
PROD-02061,Sony Webcam - Modelo 375,2569.59
PROD-02062,ASUS Webcam - Modelo 716,2585.83
PROD-02063,HP Auricular - Modelo 671,4506.8
PROD-02064,ASUS SSD - Modelo 370,127.59
PROD-02065,Dell Auricular - Modelo 456,3552.56
PROD-02066,Razer Gabinete - Modelo 467,2891.13
PROD-02067,Dell Laptop - Modelo 555,132.96
PROD-02068,HP Mouse - Modelo 795,1954.78
PROD-02069,Dell Mouse - Modelo 954,1840.94
PROD-02070,ASUS SSD - Modelo 149,1296.56
PROD-02071,Razer SSD - Modelo 177,4965.4
PROD-02072,ASUS Teclado - Modelo 678,3131.63
PROD-02073,HP Gabinete - Modelo 491,673.83
PROD-02074,HP Laptop - Modelo 993,4950.29
PROD-02075,LG Fuente - Modelo 888,36.45
PROD-02076,Kingston SSD - Modelo 983,4926.52
PROD-02077,HP Laptop - Modelo 829,372.37
PROD-02078,LG Auricular - Modelo 659,2184.33
PROD-02079,Dell Laptop - Modelo 709,3756.24
PROD-02080,Razer Laptop - Modelo 954,1926.53
PROD-02081,Logitech Auricular - Modelo 918,1622.73
PROD-02082,Samsung Teclado - Modelo 177,718.24
PROD-02083,LG RAM - Modelo 157,662.41
PROD-02084,Dell RAM - Modelo 370,2489.11
PROD-02085,Dell Webcam - Modelo 988,1251.51
PROD-02086,Kingston Mouse - Modelo 506,609.46
PROD-02087,Logitech SSD - Modelo 685,4443.48
PROD-02088,LG Gabinete - Modelo 606,3537.78
PROD-02089,Razer Auricular - Modelo 280,1747.41
PROD-02090,Razer Auricular - Modelo 668,936.67
PROD-02091,LG Auricular - Modelo 164,1221.57
PROD-02092,Sony Teclado - Modelo 957,3361.05
PROD-02093,Samsung Teclado - Modelo 407,332.87
PROD-02094,Corsair Mouse - Modelo 236,2056.75
PROD-02095,HP SSD - Modelo 813,291.15
PROD-02096,Razer Gabinete - Modelo 831,2501.27
PROD-02097,Logitech Fuente - Modelo 774,1718.44
PROD-02098,ASUS Fuente - Modelo 484,3596.15
PROD-02099,HP Teclado - Modelo 375,2772.41
PROD-02100,LG Teclado - Modelo 321,4532.63
PROD-02101,Dell Laptop - Modelo 103,4828.36
PROD-02102,Sony Monitor - Modelo 748,337.83
PROD-02103,Razer Auricular - Modelo 836,917.99
PROD-02104,LG Gabinete - Modelo 368,1888.22
PROD-02105,Dell Gabinete - Modelo 739,2362.31
PROD-02106,Kingston Gabinete - Modelo 339,1511.18
PROD-02107,Razer SSD - Modelo 446,4025.29
PROD-02108,Corsair Mouse - Modelo 503,1651.39
PROD-02109,ASUS Laptop - Modelo 202,3305.99
PROD-02110,Samsung Gabinete - Modelo 134,4174.91
PROD-02111,Samsung Fuente - Modelo 110,3367.79
PROD-02112,Dell Laptop - Modelo 891,989.58
PROD-02113,HP Monitor - Modelo 971,1022.0
PROD-02114,ASUS Auricular - Modelo 735,3389.4
PROD-02115,Kingston Auricular - Modelo 152,3269.02
PROD-02116,Dell Teclado - Modelo 472,2388.26
PROD-02117,Samsung Mouse - Modelo 919,1467.69
PROD-02118,ASUS Fuente - Modelo 551,3711.87
PROD-02119,ASUS Mouse - Modelo 475,1891.68
PROD-02120,Corsair RAM - Modelo 870,2040.93
PROD-02121,Corsair Teclado - Modelo 670,2736.76
PROD-02122,Dell Auricular - Modelo 351,522.46
PROD-02123,Dell Auricular - Modelo 964,2668.96
PROD-02124,HP Teclado - Modelo 213,89.77
PROD-02125,ASUS Auricular - Modelo 255,1277.98
PROD-02126,Sony Laptop - Modelo 439,1371.56
PROD-02127,LG SSD - Modelo 202,830.3
PROD-02128,ASUS RAM - Modelo 155,3855.92
PROD-02129,Corsair Laptop - Modelo 340,4348.58
PROD-02130,Razer Teclado - Modelo 242,2989.7
PROD-02131,Logitech Auricular - Modelo 265,3347.66
PROD-02132,HP Auricular - Modelo 134,4978.01
PROD-02133,Kingston Webcam - Modelo 711,4494.99
PROD-02134,Sony Laptop - Modelo 470,1321.17
PROD-02135,Samsung Mouse - Modelo 755,485.46
PROD-02136,ASUS Monitor - Modelo 317,2584.51
PROD-02137,Kingston Fuente - Modelo 454,236.55
PROD-02138,LG Gabinete - Modelo 140,3662.65
PROD-02139,ASUS Mouse - Modelo 680,166.67
PROD-02140,ASUS Fuente - Modelo 146,723.65
PROD-02141,Samsung Teclado - Modelo 847,4965.21
PROD-02142,LG Fuente - Modelo 368,4580.7
PROD-02143,Corsair Webcam - Modelo 158,1462.17
PROD-02144,LG RAM - Modelo 659,2292.68
PROD-02145,Logitech Webcam - Modelo 717,4362.34
PROD-02146,Razer Auricular - Modelo 154,731.29
PROD-02147,LG Webcam - Modelo 612,1780.36
PROD-02148,Dell Gabinete - Modelo 705,906.33
PROD-02149,Dell Mouse - Modelo 438,70.37
PROD-02150,Corsair Laptop - Modelo 511,438.19
PROD-02151,Kingston Mouse - Modelo 138,1936.67
PROD-02152,Razer SSD - Modelo 825,2562.25
PROD-02153,Samsung Mouse - Modelo 694,2911.33
PROD-02154,Razer Fuente - Modelo 772,2359.16
PROD-02155,Corsair SSD - Modelo 478,3710.0
PROD-02156,Logitech Laptop - Modelo 652,2211.37
PROD-02157,ASUS RAM - Modelo 894,1039.83
PROD-02158,ASUS Laptop - Modelo 179,514.65
PROD-02159,Logitech Webcam - Modelo 257,4264.38
PROD-02160,Sony Laptop - Modelo 256,2024.1
PROD-02161,Sony Teclado - Modelo 676,504.29
PROD-02162,Sony Laptop - Modelo 172,4671.77
PROD-02163,Razer Webcam - Modelo 871,2629.56
PROD-02164,LG Laptop - Modelo 523,1039.62
PROD-02165,Sony Teclado - Modelo 442,3440.77
PROD-02166,Samsung SSD - Modelo 587,2187.31
PROD-02167,Logitech Teclado - Modelo 794,1358.78
PROD-02168,Razer Mouse - Modelo 466,1613.3
PROD-02169,ASUS Fuente - Modelo 639,598.77
PROD-02170,Razer Gabinete - Modelo 309,3233.54
PROD-02171,ASUS SSD - Modelo 339,3580.99
PROD-02172,Samsung Auricular - Modelo 776,603.08
PROD-02173,Logitech Webcam - Modelo 870,2409.33
PROD-02174,Logitech Laptop - Modelo 772,2503.47
PROD-02175,Sony Teclado - Modelo 579,2545.15
PROD-02176,LG Laptop - Modelo 752,4452.57
PROD-02177,Logitech SSD - Modelo 469,1173.95
PROD-02178,Logitech SSD - Modelo 589,4268.1
PROD-02179,Dell Laptop - Modelo 132,2232.88
PROD-02180,Samsung Fuente - Modelo 498,3628.63
PROD-02181,Razer Auricular - Modelo 784,336.79
PROD-02182,Logitech Webcam - Modelo 779,2613.73
PROD-02183,Logitech Teclado - Modelo 378,2626.71
PROD-02184,LG Teclado - Modelo 141,2879.27
PROD-02185,LG Webcam - Modelo 567,1970.41
PROD-02186,ASUS Mouse - Modelo 476,1985.69
PROD-02187,Dell RAM - Modelo 386,3298.3
PROD-02188,Sony Gabinete - Modelo 704,1738.64
PROD-02189,Kingston Mouse - Modelo 391,2514.13
PROD-02190,ASUS Fuente - Modelo 655,1965.54
PROD-02191,Corsair Auricular - Modelo 126,4828.82
PROD-02192,Dell SSD - Modelo 751,1547.75
PROD-02193,Kingston Laptop - Modelo 904,4153.51
PROD-02194,Kingston RAM - Modelo 240,1501.34
PROD-02195,Kingston Fuente - Modelo 343,3191.98
PROD-02196,Kingston Fuente - Modelo 255,3816.28
PROD-02197,Corsair Webcam - Modelo 494,1799.58
PROD-02198,ASUS RAM - Modelo 754,3352.44
PROD-02199,Razer RAM - Modelo 336,4939.85
PROD-02200,ASUS Monitor - Modelo 163,2666.31
PROD-02201,Logitech Auricular - Modelo 560,2639.8
PROD-02202,Kingston SSD - Modelo 288,112.13
PROD-02203,ASUS Mouse - Modelo 595,4138.46
PROD-02204,Corsair Teclado - Modelo 242,275.85
PROD-02205,LG Auricular - Modelo 925,4137.76
PROD-02206,Logitech Auricular - Modelo 783,4429.03
PROD-02207,Logitech RAM - Modelo 600,1056.35
PROD-02208,Razer Gabinete - Modelo 963,4673.22
PROD-02209,Razer SSD - Modelo 461,4726.54
PROD-02210,Razer Mouse - Modelo 710,3440.75
PROD-02211,Sony SSD - Modelo 361,2854.01
PROD-02212,HP Mouse - Modelo 684,4086.08
PROD-02213,LG Laptop - Modelo 734,1193.72
PROD-02214,Kingston Auricular - Modelo 173,2196.54
PROD-02215,Samsung SSD - Modelo 863,4320.81
PROD-02216,LG Webcam - Modelo 936,2659.38
PROD-02217,Razer Auricular - Modelo 268,1362.84
PROD-02218,LG Fuente - Modelo 559,3132.72
PROD-02219,Corsair RAM - Modelo 158,1932.74
PROD-02220,HP Webcam - Modelo 887,4666.43
PROD-02221,LG Webcam - Modelo 287,1583.06
PROD-02222,Razer SSD - Modelo 459,2265.21
PROD-02223,Samsung Monitor - Modelo 781,3669.43
PROD-02224,Samsung SSD - Modelo 566,3411.07
PROD-02225,Sony Auricular - Modelo 579,528.32
PROD-02226,Dell Laptop - Modelo 816,4999.77
PROD-02227,HP Monitor - Modelo 660,133.85
PROD-02228,ASUS Fuente - Modelo 589,2152.3
PROD-02229,Kingston Webcam - Modelo 975,455.78
PROD-02230,Logitech Webcam - Modelo 607,3718.35
PROD-02231,Dell Teclado - Modelo 964,325.26
PROD-02232,Sony Webcam - Modelo 893,1955.12
PROD-02233,Razer Laptop - Modelo 858,2387.55
PROD-02234,Kingston Auricular - Modelo 917,3575.78
PROD-02235,Kingston RAM - Modelo 163,3754.61
PROD-02236,ASUS Teclado - Modelo 174,3358.2
PROD-02237,ASUS Monitor - Modelo 490,3945.64
PROD-02238,Sony Mouse - Modelo 933,4364.44
PROD-02239,ASUS Mouse - Modelo 504,2503.92
PROD-02240,Samsung Auricular - Modelo 768,2254.19
PROD-02241,Dell RAM - Modelo 643,3052.94
PROD-02242,Dell Gabinete - Modelo 671,4502.05
PROD-02243,Corsair SSD - Modelo 976,547.77
PROD-02244,HP Fuente - Modelo 209,4965.13
PROD-02245,Sony Webcam - Modelo 288,604.52
PROD-02246,Sony RAM - Modelo 484,2420.18
PROD-02247,Sony Laptop - Modelo 393,1077.24
PROD-02248,Logitech Teclado - Modelo 599,4869.9
PROD-02249,Samsung Gabinete - Modelo 528,130.13
PROD-02250,HP Monitor - Modelo 584,3184.53
PROD-02251,Sony Mouse - Modelo 240,1427.16
PROD-02252,ASUS Webcam - Modelo 508,3979.33
PROD-02253,LG Gabinete - Modelo 144,1875.43
PROD-02254,Kingston Auricular - Modelo 676,2230.64
PROD-02255,Samsung SSD - Modelo 140,460.69
PROD-02256,Logitech Gabinete - Modelo 534,3991.97
PROD-02257,ASUS Laptop - Modelo 587,3175.43
PROD-02258,HP Teclado - Modelo 534,2831.65
PROD-02259,Dell SSD - Modelo 602,400.44
PROD-02260,Kingston Auricular - Modelo 492,2433.05
PROD-02261,LG Laptop - Modelo 942,1106.84
PROD-02262,HP SSD - Modelo 919,2920.63
PROD-02263,ASUS Mouse - Modelo 522,157.71
PROD-02264,Razer Monitor - Modelo 521,1335.93
PROD-02265,Corsair SSD - Modelo 108,260.33
PROD-02266,HP Laptop - Modelo 672,889.83
PROD-02267,Kingston RAM - Modelo 957,3638.13
PROD-02268,Corsair SSD - Modelo 831,3442.74
PROD-02269,Kingston SSD - Modelo 884,4816.34
PROD-02270,Corsair Webcam - Modelo 784,3858.09
PROD-02271,LG Mouse - Modelo 387,1262.31
PROD-02272,Logitech Webcam - Modelo 664,624.87
PROD-02273,Sony RAM - Modelo 788,2065.28
PROD-02274,LG Gabinete - Modelo 776,4499.02
PROD-02275,HP Mouse - Modelo 502,1362.59
PROD-02276,HP Webcam - Modelo 236,1835.44
PROD-02277,ASUS Mouse - Modelo 230,1515.21
PROD-02278,HP Teclado - Modelo 456,2257.26
PROD-02279,HP Fuente - Modelo 587,4973.87
PROD-02280,LG Auricular - Modelo 168,4872.3
PROD-02281,Razer SSD - Modelo 970,2297.49
PROD-02282,Samsung Fuente - Modelo 814,3352.24
PROD-02283,LG Fuente - Modelo 613,755.3
PROD-02284,Kingston Laptop - Modelo 737,2967.94
PROD-02285,Razer Monitor - Modelo 593,4469.35
PROD-02286,Razer Webcam - Modelo 149,436.61
PROD-02287,Logitech Gabinete - Modelo 210,4860.61
PROD-02288,HP Gabinete - Modelo 463,2218.34
PROD-02289,LG Teclado - Modelo 337,4943.82
PROD-02290,LG Laptop - Modelo 362,121.21
PROD-02291,HP RAM - Modelo 862,1828.55
PROD-02292,Razer Teclado - Modelo 192,3729.51
PROD-02293,HP Webcam - Modelo 755,666.45
PROD-02294,LG Auricular - Modelo 679,982.43
PROD-02295,HP RAM - Modelo 813,3104.19
PROD-02296,Corsair Fuente - Modelo 473,2115.24
PROD-02297,LG Mouse - Modelo 336,3967.88
PROD-02298,Samsung Gabinete - Modelo 216,902.36
PROD-02299,Samsung Auricular - Modelo 743,3205.14
PROD-02300,Dell Gabinete - Modelo 183,132.94
PROD-02301,Sony Mouse - Modelo 916,44.4
PROD-02302,Samsung Fuente - Modelo 259,2208.39
PROD-02303,LG Teclado - Modelo 909,571.85
PROD-02304,Kingston Auricular - Modelo 937,1822.95
PROD-02305,ASUS SSD - Modelo 602,3802.93
PROD-02306,LG Laptop - Modelo 323,2581.53
PROD-02307,Samsung SSD - Modelo 638,2233.68
PROD-02308,Corsair Auricular - Modelo 594,4959.64
PROD-02309,Logitech Teclado - Modelo 219,1704.72
PROD-02310,Razer Teclado - Modelo 452,4875.61
PROD-02311,Corsair SSD - Modelo 246,2566.97
PROD-02312,Samsung Webcam - Modelo 170,4517.18
PROD-02313,HP RAM - Modelo 413,4842.04
PROD-02314,Dell Fuente - Modelo 977,4057.16
PROD-02315,Razer Auricular - Modelo 119,3878.16
PROD-02316,Kingston Laptop - Modelo 105,947.36
PROD-02317,Sony Laptop - Modelo 780,4207.0
PROD-02318,Corsair Laptop - Modelo 855,4660.71
PROD-02319,LG RAM - Modelo 317,2433.43
PROD-02320,HP RAM - Modelo 611,2501.08
PROD-02321,HP Teclado - Modelo 432,2320.87
PROD-02322,HP Teclado - Modelo 968,1632.92
PROD-02323,Logitech Gabinete - Modelo 957,3979.62
PROD-02324,LG Monitor - Modelo 428,1454.94
PROD-02325,LG Gabinete - Modelo 581,3155.63
PROD-02326,HP Teclado - Modelo 890,2753.59
PROD-02327,Dell Teclado - Modelo 927,1278.04
PROD-02328,HP Teclado - Modelo 630,1202.46
PROD-02329,Samsung Webcam - Modelo 464,1091.97
PROD-02330,Dell Mouse - Modelo 185,4388.64
PROD-02331,Razer Laptop - Modelo 736,422.46
PROD-02332,Razer Teclado - Modelo 481,3547.95
PROD-02333,Logitech Mouse - Modelo 956,2660.98
PROD-02334,ASUS Gabinete - Modelo 336,1822.55
PROD-02335,ASUS Laptop - Modelo 947,1540.2
PROD-02336,LG Auricular - Modelo 468,2598.71
PROD-02337,HP Fuente - Modelo 970,3195.58
PROD-02338,Corsair Laptop - Modelo 545,3425.38
PROD-02339,LG Laptop - Modelo 792,2206.05
PROD-02340,Dell Laptop - Modelo 918,1366.96
PROD-02341,Corsair Teclado - Modelo 900,70.74
PROD-02342,Kingston Mouse - Modelo 420,2863.04
PROD-02343,Samsung Laptop - Modelo 133,4822.29
PROD-02344,Corsair SSD - Modelo 552,2648.75
PROD-02345,Dell Auricular - Modelo 164,4686.0
PROD-02346,Razer Auricular - Modelo 492,431.91
PROD-02347,Corsair Monitor - Modelo 820,2359.37
PROD-02348,Logitech Monitor - Modelo 205,2032.88
PROD-02349,Kingston Fuente - Modelo 266,3960.86
PROD-02350,Samsung Monitor - Modelo 425,1816.29
PROD-02351,Samsung Gabinete - Modelo 123,1950.69
PROD-02352,Sony SSD - Modelo 104,447.36
PROD-02353,LG Webcam - Modelo 707,3767.65
PROD-02354,Samsung SSD - Modelo 699,1623.45
PROD-02355,Razer Auricular - Modelo 288,3254.56
PROD-02356,Dell Fuente - Modelo 387,675.35
PROD-02357,ASUS Monitor - Modelo 135,2948.74
PROD-02358,Logitech Fuente - Modelo 307,3229.09
PROD-02359,Corsair Monitor - Modelo 680,1297.02
PROD-02360,Samsung Fuente - Modelo 143,3328.76
PROD-02361,Dell Webcam - Modelo 673,903.53
PROD-02362,HP Auricular - Modelo 739,1797.64
PROD-02363,Razer Laptop - Modelo 441,1699.75
PROD-02364,Sony Laptop - Modelo 638,3676.32
PROD-02365,Kingston Mouse - Modelo 745,1964.41
PROD-02366,HP Gabinete - Modelo 293,3599.97
PROD-02367,Sony Mouse - Modelo 204,4783.55
PROD-02368,LG Mouse - Modelo 295,1842.49
PROD-02369,Logitech SSD - Modelo 881,765.53
PROD-02370,Razer SSD - Modelo 502,2008.59
PROD-02371,Razer Monitor - Modelo 627,2831.29
PROD-02372,HP Webcam - Modelo 651,996.72
PROD-02373,ASUS Mouse - Modelo 252,3700.61
PROD-02374,LG Fuente - Modelo 484,1383.47
PROD-02375,Samsung Webcam - Modelo 284,3419.23
PROD-02376,ASUS Mouse - Modelo 718,2200.9
PROD-02377,Corsair Fuente - Modelo 646,4750.32
PROD-02378,LG Teclado - Modelo 640,3420.27
PROD-02379,Corsair RAM - Modelo 186,2240.76
PROD-02380,LG Webcam - Modelo 701,347.84
PROD-02381,Kingston Auricular - Modelo 150,2009.44
PROD-02382,Logitech Fuente - Modelo 972,229.25
PROD-02383,Dell Mouse - Modelo 144,4657.05
PROD-02384,Razer SSD - Modelo 913,2686.4
PROD-02385,Samsung RAM - Modelo 295,4497.91
PROD-02386,HP Webcam - Modelo 950,4507.7
PROD-02387,Dell Auricular - Modelo 300,285.47
PROD-02388,Logitech Auricular - Modelo 555,112.04
PROD-02389,Kingston Laptop - Modelo 907,4241.85
PROD-02390,Samsung Fuente - Modelo 310,3777.75
PROD-02391,Logitech Fuente - Modelo 374,1716.09
PROD-02392,HP Fuente - Modelo 848,4860.2
PROD-02393,ASUS Fuente - Modelo 151,171.77
PROD-02394,Dell Gabinete - Modelo 831,4489.98
PROD-02395,Corsair Fuente - Modelo 704,4131.97
PROD-02396,LG Auricular - Modelo 223,4272.4
PROD-02397,Kingston Monitor - Modelo 222,1148.78
PROD-02398,ASUS Webcam - Modelo 389,2369.63
PROD-02399,Samsung RAM - Modelo 437,3267.15
PROD-02400,Samsung Mouse - Modelo 590,3600.88
PROD-02401,Kingston SSD - Modelo 457,3457.28
PROD-02402,ASUS Monitor - Modelo 204,532.77
PROD-02403,Logitech Teclado - Modelo 486,3330.7
PROD-02404,Sony Mouse - Modelo 317,3557.04
PROD-02405,Logitech RAM - Modelo 663,1233.89
PROD-02406,LG Webcam - Modelo 488,3326.56
PROD-02407,Logitech Gabinete - Modelo 482,370.16
PROD-02408,HP Teclado - Modelo 107,1720.74
PROD-02409,Razer SSD - Modelo 375,2595.03
PROD-02410,HP SSD - Modelo 998,2318.8
PROD-02411,Kingston Laptop - Modelo 954,4912.74
PROD-02412,Corsair Monitor - Modelo 421,1652.72
PROD-02413,HP Laptop - Modelo 132,170.7
PROD-02414,ASUS Teclado - Modelo 738,829.69
PROD-02415,Dell Fuente - Modelo 120,3401.77
PROD-02416,Sony Auricular - Modelo 299,3234.89
PROD-02417,Sony Auricular - Modelo 260,2749.05
PROD-02418,LG Monitor - Modelo 645,4055.01
PROD-02419,Logitech Teclado - Modelo 936,2656.69
PROD-02420,Sony SSD - Modelo 935,4460.22
PROD-02421,Logitech Laptop - Modelo 998,659.3
PROD-02422,Samsung Teclado - Modelo 594,4412.94
PROD-02423,Corsair Teclado - Modelo 897,1871.32
PROD-02424,HP RAM - Modelo 685,573.1
PROD-02425,Razer Monitor - Modelo 384,2837.95
PROD-02426,Corsair Laptop - Modelo 197,4579.49
PROD-02427,Dell RAM - Modelo 268,2883.16
PROD-02428,Kingston Mouse - Modelo 922,4108.68
PROD-02429,LG Fuente - Modelo 600,2604.56
PROD-02430,Dell Webcam - Modelo 270,3928.36
PROD-02431,Logitech Webcam - Modelo 181,1291.25
PROD-02432,Logitech Laptop - Modelo 964,2851.15
PROD-02433,ASUS Mouse - Modelo 889,4685.61
PROD-02434,Sony SSD - Modelo 513,366.15
PROD-02435,Corsair Fuente - Modelo 968,2038.13
PROD-02436,Razer Fuente - Modelo 735,2414.95
PROD-02437,Kingston Fuente - Modelo 128,1115.33
PROD-02438,Samsung Laptop - Modelo 214,2639.72
PROD-02439,Sony Gabinete - Modelo 393,4670.13
PROD-02440,Razer Auricular - Modelo 180,735.16
PROD-02441,Corsair Teclado - Modelo 505,1118.43
PROD-02442,Kingston Laptop - Modelo 241,361.78
PROD-02443,Kingston Fuente - Modelo 312,1527.94
PROD-02444,Kingston Auricular - Modelo 743,2502.96
PROD-02445,Corsair SSD - Modelo 952,895.31
PROD-02446,Logitech Fuente - Modelo 394,2743.01
PROD-02447,HP Laptop - Modelo 502,972.67
PROD-02448,Samsung Monitor - Modelo 972,2137.28
PROD-02449,Sony Webcam - Modelo 190,1707.45
PROD-02450,Logitech Mouse - Modelo 604,1034.39
PROD-02451,LG Gabinete - Modelo 439,3547.69
PROD-02452,ASUS SSD - Modelo 724,4403.79
PROD-02453,Logitech Monitor - Modelo 614,1395.06
PROD-02454,Logitech Gabinete - Modelo 840,4688.01
PROD-02455,Samsung Mouse - Modelo 501,2112.51
PROD-02456,ASUS Teclado - Modelo 303,1124.95
PROD-02457,Kingston Mouse - Modelo 379,2636.72
PROD-02458,Kingston Mouse - Modelo 398,2847.24
PROD-02459,Logitech Laptop - Modelo 409,506.4
PROD-02460,ASUS Fuente - Modelo 204,84.35
PROD-02461,HP SSD - Modelo 793,1033.63
PROD-02462,Kingston Gabinete - Modelo 524,1072.73
PROD-02463,LG RAM - Modelo 288,2747.16
PROD-02464,Dell Auricular - Modelo 745,4706.12
PROD-02465,Sony Auricular - Modelo 471,355.22
PROD-02466,Sony Laptop - Modelo 982,2931.98
PROD-02467,ASUS Fuente - Modelo 635,78.31
PROD-02468,Samsung Fuente - Modelo 563,3443.91
PROD-02469,Corsair Auricular - Modelo 363,2178.61
PROD-02470,ASUS Mouse - Modelo 317,4340.32
PROD-02471,Logitech RAM - Modelo 824,1153.0
PROD-02472,Samsung Monitor - Modelo 138,3010.42
PROD-02473,Dell Webcam - Modelo 412,1157.49
PROD-02474,Dell Teclado - Modelo 403,4112.15
PROD-02475,HP Monitor - Modelo 382,71.84
PROD-02476,ASUS Gabinete - Modelo 951,2592.73
PROD-02477,Samsung Monitor - Modelo 984,4407.98
PROD-02478,Sony Laptop - Modelo 191,845.87
PROD-02479,Samsung Teclado - Modelo 154,2142.66
PROD-02480,Kingston Webcam - Modelo 483,2565.73
PROD-02481,ASUS Gabinete - Modelo 983,4381.76
PROD-02482,Kingston SSD - Modelo 547,4104.19
PROD-02483,Corsair Laptop - Modelo 586,3049.38
PROD-02484,HP Gabinete - Modelo 673,2284.02
PROD-02485,HP SSD - Modelo 448,2904.25
PROD-02486,ASUS RAM - Modelo 891,3887.34
PROD-02487,LG Auricular - Modelo 627,4520.72
PROD-02488,Logitech Webcam - Modelo 451,2871.23
PROD-02489,HP Gabinete - Modelo 216,430.19
PROD-02490,ASUS Gabinete - Modelo 504,1497.03
PROD-02491,ASUS Webcam - Modelo 405,2829.72
PROD-02492,Razer Gabinete - Modelo 605,4609.57
PROD-02493,Samsung Monitor - Modelo 642,4991.21
PROD-02494,Corsair Webcam - Modelo 958,2487.54
PROD-02495,Kingston SSD - Modelo 130,4925.16
PROD-02496,ASUS Fuente - Modelo 721,4433.19
PROD-02497,Sony Monitor - Modelo 517,1558.97
PROD-02498,Sony Webcam - Modelo 194,4539.62
PROD-02499,ASUS Monitor - Modelo 152,2563.64
PROD-02500,Razer Laptop - Modelo 622,38.61
PROD-02501,Razer Teclado - Modelo 566,2526.23
PROD-02502,Samsung RAM - Modelo 645,3958.59
PROD-02503,Samsung Teclado - Modelo 562,79.8
PROD-02504,Logitech RAM - Modelo 873,3527.86
PROD-02505,Corsair Auricular - Modelo 437,3986.19
PROD-02506,ASUS RAM - Modelo 519,4935.61
PROD-02507,Samsung Gabinete - Modelo 321,703.82
PROD-02508,Corsair Webcam - Modelo 893,2898.8
PROD-02509,Sony Webcam - Modelo 317,1186.33
PROD-02510,Corsair SSD - Modelo 708,3971.36
PROD-02511,Dell Gabinete - Modelo 487,3439.52
PROD-02512,ASUS Fuente - Modelo 765,511.9
PROD-02513,Kingston Gabinete - Modelo 125,69.55
PROD-02514,Dell RAM - Modelo 138,3665.97
PROD-02515,Corsair Teclado - Modelo 834,1029.11
PROD-02516,Samsung Teclado - Modelo 616,3024.22
PROD-02517,Logitech Teclado - Modelo 676,737.53
PROD-02518,Samsung Webcam - Modelo 133,2197.63
PROD-02519,Logitech Mouse - Modelo 523,4032.93
PROD-02520,Logitech Monitor - Modelo 373,2220.86
PROD-02521,LG Fuente - Modelo 906,3530.96
PROD-02522,Razer Gabinete - Modelo 103,474.97
PROD-02523,LG SSD - Modelo 908,4484.86
PROD-02524,Kingston Webcam - Modelo 577,3135.8
PROD-02525,Logitech Mouse - Modelo 823,3223.33
PROD-02526,Razer Laptop - Modelo 807,2593.77
PROD-02527,Logitech Auricular - Modelo 565,3429.77
PROD-02528,Razer Mouse - Modelo 558,4750.85
PROD-02529,Logitech Laptop - Modelo 157,1001.85
PROD-02530,Corsair Monitor - Modelo 564,2175.2
PROD-02531,Dell Auricular - Modelo 188,3536.72
PROD-02532,LG Mouse - Modelo 566,2345.78
PROD-02533,LG Gabinete - Modelo 774,261.14
PROD-02534,Kingston Auricular - Modelo 204,3288.42
PROD-02535,ASUS Laptop - Modelo 840,3372.8
PROD-02536,LG Teclado - Modelo 664,1729.91
PROD-02537,Kingston Laptop - Modelo 826,3878.43
PROD-02538,Sony Mouse - Modelo 461,4454.51
PROD-02539,HP Gabinete - Modelo 679,3354.54
PROD-02540,Corsair Mouse - Modelo 642,4410.25
PROD-02541,Razer Mouse - Modelo 295,1923.39
PROD-02542,Logitech RAM - Modelo 550,2476.27
PROD-02543,HP Laptop - Modelo 919,4816.25
PROD-02544,Logitech Fuente - Modelo 562,236.59
PROD-02545,Corsair Fuente - Modelo 272,44.42
PROD-02546,Samsung SSD - Modelo 568,1550.11
PROD-02547,Kingston Webcam - Modelo 641,1513.83
PROD-02548,Dell Laptop - Modelo 866,1697.53
PROD-02549,ASUS SSD - Modelo 526,4826.95
PROD-02550,Corsair Gabinete - Modelo 908,1875.58
PROD-02551,Kingston SSD - Modelo 683,4351.92
PROD-02552,Dell Teclado - Modelo 634,4315.29
PROD-02553,Dell Webcam - Modelo 155,3067.93
PROD-02554,Dell Monitor - Modelo 221,1967.02
PROD-02555,Sony RAM - Modelo 289,2783.82
PROD-02556,LG Fuente - Modelo 668,1071.6
PROD-02557,Kingston Laptop - Modelo 682,2417.99
PROD-02558,Dell Auricular - Modelo 317,4585.53
PROD-02559,Razer Monitor - Modelo 698,1046.76
PROD-02560,Logitech Laptop - Modelo 140,977.53
PROD-02561,ASUS Gabinete - Modelo 929,1337.1
PROD-02562,HP Teclado - Modelo 870,1918.99
PROD-02563,Samsung Teclado - Modelo 789,4627.05
PROD-02564,Sony RAM - Modelo 384,4041.17
PROD-02565,Corsair Auricular - Modelo 214,3479.51
PROD-02566,Razer SSD - Modelo 670,2281.06
PROD-02567,Samsung Fuente - Modelo 545,3945.6
PROD-02568,Kingston Auricular - Modelo 282,2759.53
PROD-02569,ASUS Auricular - Modelo 532,2116.12
PROD-02570,Samsung Monitor - Modelo 273,1637.73
PROD-02571,Dell Teclado - Modelo 997,216.51
PROD-02572,Logitech Fuente - Modelo 545,4109.61
PROD-02573,Razer Mouse - Modelo 171,2007.57
PROD-02574,Kingston SSD - Modelo 932,2418.84
PROD-02575,Kingston Teclado - Modelo 895,3723.1
PROD-02576,Logitech Teclado - Modelo 286,215.73
PROD-02577,Dell Monitor - Modelo 189,2294.6
PROD-02578,LG Webcam - Modelo 481,2063.33
PROD-02579,Samsung Fuente - Modelo 699,3850.58
PROD-02580,Samsung Fuente - Modelo 777,267.17
PROD-02581,Dell RAM - Modelo 581,3528.52
PROD-02582,LG Auricular - Modelo 948,1243.23
PROD-02583,Dell Laptop - Modelo 417,2000.86
PROD-02584,Logitech SSD - Modelo 963,1960.1
PROD-02585,Corsair Teclado - Modelo 114,1957.91
PROD-02586,Kingston Auricular - Modelo 910,2862.54
PROD-02587,Logitech Fuente - Modelo 368,401.26
PROD-02588,Sony SSD - Modelo 173,4786.27
PROD-02589,Samsung Mouse - Modelo 830,620.57
PROD-02590,ASUS Laptop - Modelo 407,675.84
PROD-02591,Razer RAM - Modelo 989,4008.44
PROD-02592,Kingston Laptop - Modelo 399,2890.24
PROD-02593,LG Auricular - Modelo 327,3761.97
PROD-02594,Logitech Fuente - Modelo 118,555.68
PROD-02595,ASUS Auricular - Modelo 191,1956.35
PROD-02596,ASUS Webcam - Modelo 772,2255.39
PROD-02597,LG Gabinete - Modelo 256,4426.1
PROD-02598,Kingston Fuente - Modelo 851,2523.29
PROD-02599,Logitech SSD - Modelo 924,2962.58
PROD-02600,ASUS Laptop - Modelo 248,3208.66
PROD-02601,Razer Teclado - Modelo 111,4250.21
PROD-02602,Razer Monitor - Modelo 155,1784.79
PROD-02603,Corsair Gabinete - Modelo 167,1658.07
PROD-02604,ASUS Teclado - Modelo 953,1670.77
PROD-02605,Kingston Webcam - Modelo 347,592.73
PROD-02606,Razer SSD - Modelo 930,3513.27
PROD-02607,Dell RAM - Modelo 491,3771.95
PROD-02608,HP Webcam - Modelo 546,3464.82
PROD-02609,Samsung Gabinete - Modelo 617,2481.01
PROD-02610,HP Laptop - Modelo 229,2407.72
PROD-02611,Dell Teclado - Modelo 912,4804.07
PROD-02612,Logitech Monitor - Modelo 662,3861.62
PROD-02613,Samsung Monitor - Modelo 844,1938.07
PROD-02614,Sony Webcam - Modelo 314,1411.52
PROD-02615,LG SSD - Modelo 859,2812.71
PROD-02616,Dell SSD - Modelo 972,164.92
PROD-02617,Kingston Auricular - Modelo 509,1808.33
PROD-02618,Samsung Laptop - Modelo 709,2992.99
PROD-02619,ASUS Webcam - Modelo 712,3844.01
PROD-02620,Corsair Auricular - Modelo 955,4596.34
PROD-02621,Logitech SSD - Modelo 531,1696.61
PROD-02622,HP Mouse - Modelo 183,532.4
PROD-02623,Dell Webcam - Modelo 624,4415.38
PROD-02624,ASUS Gabinete - Modelo 770,3728.28
PROD-02625,ASUS Gabinete - Modelo 352,2525.31
PROD-02626,Dell Monitor - Modelo 550,4030.4
PROD-02627,ASUS Gabinete - Modelo 864,4055.64
PROD-02628,Logitech Mouse - Modelo 243,271.95
PROD-02629,HP Teclado - Modelo 786,461.04
PROD-02630,Samsung Laptop - Modelo 995,1057.64
PROD-02631,HP SSD - Modelo 395,4905.91
PROD-02632,Samsung Auricular - Modelo 450,3249.11
PROD-02633,ASUS Teclado - Modelo 514,4755.16
PROD-02634,Kingston SSD - Modelo 730,3456.0
PROD-02635,Dell Auricular - Modelo 233,3139.24
PROD-02636,Razer Webcam - Modelo 288,3394.91
PROD-02637,Sony Laptop - Modelo 452,3175.35
PROD-02638,Corsair RAM - Modelo 297,4754.74
PROD-02639,Samsung Teclado - Modelo 171,992.14
PROD-02640,Razer Gabinete - Modelo 735,1512.36
PROD-02641,Dell Auricular - Modelo 491,3676.7
PROD-02642,Samsung Teclado - Modelo 962,1751.48
PROD-02643,Kingston Auricular - Modelo 267,4251.66
PROD-02644,Sony Monitor - Modelo 411,4902.55
PROD-02645,Kingston Teclado - Modelo 712,4819.99
PROD-02646,Logitech Mouse - Modelo 370,3369.8
PROD-02647,Sony Monitor - Modelo 983,4255.37
PROD-02648,ASUS Monitor - Modelo 510,1797.17
PROD-02649,HP Webcam - Modelo 882,411.32
PROD-02650,Logitech Mouse - Modelo 953,3420.73
PROD-02651,Corsair Laptop - Modelo 240,1577.96
PROD-02652,HP Monitor - Modelo 369,4848.64
PROD-02653,ASUS Gabinete - Modelo 863,4933.89
PROD-02654,Logitech Mouse - Modelo 564,1927.67
PROD-02655,Razer RAM - Modelo 936,2482.06
PROD-02656,HP SSD - Modelo 770,2085.23
PROD-02657,Dell Monitor - Modelo 181,1193.88
PROD-02658,Sony Laptop - Modelo 176,4619.51
PROD-02659,HP RAM - Modelo 541,2182.33
PROD-02660,Corsair Auricular - Modelo 535,411.24
PROD-02661,HP SSD - Modelo 164,401.36
PROD-02662,Sony Laptop - Modelo 394,392.47
PROD-02663,Logitech RAM - Modelo 473,641.58
PROD-02664,Dell Gabinete - Modelo 981,4802.47
PROD-02665,HP Teclado - Modelo 688,1224.56
PROD-02666,LG Mouse - Modelo 172,4530.4
PROD-02667,Samsung RAM - Modelo 229,2034.92
PROD-02668,Corsair Laptop - Modelo 254,2464.19
PROD-02669,Dell Teclado - Modelo 999,2543.16
PROD-02670,HP Auricular - Modelo 120,2886.03
PROD-02671,Corsair SSD - Modelo 929,2615.46
PROD-02672,Sony Fuente - Modelo 805,232.93
PROD-02673,Kingston Laptop - Modelo 175,4811.28
PROD-02674,LG Laptop - Modelo 855,1891.96
PROD-02675,Samsung Teclado - Modelo 371,4851.18
PROD-02676,Corsair Fuente - Modelo 803,4056.97
PROD-02677,Kingston Fuente - Modelo 569,818.14
PROD-02678,HP Monitor - Modelo 872,486.46
PROD-02679,Kingston Teclado - Modelo 631,3859.39
PROD-02680,Dell Gabinete - Modelo 348,3285.63
PROD-02681,Corsair Mouse - Modelo 373,4844.28
PROD-02682,Corsair Fuente - Modelo 554,1022.41
PROD-02683,Sony Fuente - Modelo 833,1613.2
PROD-02684,Samsung Auricular - Modelo 644,3062.77
PROD-02685,Samsung RAM - Modelo 557,466.01
PROD-02686,Corsair RAM - Modelo 648,1040.54
PROD-02687,Razer Gabinete - Modelo 583,2913.94
PROD-02688,HP RAM - Modelo 252,159.82
PROD-02689,HP SSD - Modelo 761,748.59
PROD-02690,Samsung Gabinete - Modelo 808,2782.45
PROD-02691,Samsung Mouse - Modelo 233,315.74
PROD-02692,Sony Mouse - Modelo 371,4985.99
PROD-02693,Logitech RAM - Modelo 983,2050.92
PROD-02694,Corsair Webcam - Modelo 517,4243.98
PROD-02695,LG SSD - Modelo 142,4976.73
PROD-02696,Samsung Mouse - Modelo 325,4118.83
PROD-02697,Dell Monitor - Modelo 520,483.02
PROD-02698,Samsung Fuente - Modelo 400,597.85
PROD-02699,Logitech Mouse - Modelo 171,4209.8
PROD-02700,Logitech Teclado - Modelo 737,4823.28
PROD-02701,HP Gabinete - Modelo 919,3139.99
PROD-02702,Razer Laptop - Modelo 367,3001.48
PROD-02703,LG Laptop - Modelo 441,3821.04
PROD-02704,HP Mouse - Modelo 981,4162.95
PROD-02705,Samsung Mouse - Modelo 193,2296.04
PROD-02706,LG RAM - Modelo 845,1166.14
PROD-02707,Razer Fuente - Modelo 304,3682.86
PROD-02708,HP SSD - Modelo 841,3552.89
PROD-02709,Corsair Fuente - Modelo 238,2497.49
PROD-02710,LG Webcam - Modelo 887,2274.64
PROD-02711,Kingston Teclado - Modelo 417,222.66
PROD-02712,Sony Auricular - Modelo 220,3443.65
PROD-02713,HP Mouse - Modelo 309,2152.64
PROD-02714,ASUS Laptop - Modelo 868,1611.38
PROD-02715,Samsung Mouse - Modelo 357,275.78
PROD-02716,Sony RAM - Modelo 742,1579.67
PROD-02717,LG Laptop - Modelo 710,2531.72
PROD-02718,Corsair Mouse - Modelo 965,3367.47
PROD-02719,Samsung Laptop - Modelo 112,3157.26
PROD-02720,Corsair RAM - Modelo 846,3362.07
PROD-02721,ASUS Monitor - Modelo 816,3684.89
PROD-02722,ASUS Webcam - Modelo 920,2689.3
PROD-02723,Sony Gabinete - Modelo 245,4705.67
PROD-02724,Corsair Fuente - Modelo 227,1790.33
PROD-02725,Samsung RAM - Modelo 130,1298.04
PROD-02726,Razer Auricular - Modelo 815,3651.32
PROD-02727,Samsung SSD - Modelo 170,4995.63
PROD-02728,Corsair Fuente - Modelo 886,1354.37
PROD-02729,HP Gabinete - Modelo 809,1817.44
PROD-02730,Sony Auricular - Modelo 278,480.78
PROD-02731,Corsair Gabinete - Modelo 921,1040.29
PROD-02732,Samsung Teclado - Modelo 342,554.79
PROD-02733,Kingston Monitor - Modelo 998,167.76
PROD-02734,Razer Webcam - Modelo 939,3567.51
PROD-02735,Sony Teclado - Modelo 457,1646.29
PROD-02736,Dell Gabinete - Modelo 436,3314.22
PROD-02737,LG Monitor - Modelo 342,2863.86
PROD-02738,Logitech SSD - Modelo 892,1766.18
PROD-02739,ASUS Mouse - Modelo 275,326.32
PROD-02740,HP RAM - Modelo 735,608.06
PROD-02741,HP Gabinete - Modelo 890,1661.23
PROD-02742,Kingston Laptop - Modelo 779,527.18
PROD-02743,Kingston Teclado - Modelo 670,2891.12
PROD-02744,Dell Mouse - Modelo 441,2590.46
PROD-02745,HP Mouse - Modelo 324,1197.95
PROD-02746,Dell Webcam - Modelo 316,2579.37
PROD-02747,Sony Monitor - Modelo 622,830.11
PROD-02748,HP Auricular - Modelo 508,4031.22
PROD-02749,Logitech Gabinete - Modelo 918,4836.7
PROD-02750,Sony Laptop - Modelo 445,1368.35
PROD-02751,HP Auricular - Modelo 129,1423.54
PROD-02752,Kingston Gabinete - Modelo 122,3535.58
PROD-02753,Kingston Auricular - Modelo 642,208.47
PROD-02754,Logitech Fuente - Modelo 162,4240.35
PROD-02755,Kingston Monitor - Modelo 223,2889.22
PROD-02756,Sony Mouse - Modelo 188,2081.0
PROD-02757,Razer Fuente - Modelo 113,4641.97
PROD-02758,ASUS RAM - Modelo 530,438.17
PROD-02759,Logitech Mouse - Modelo 882,2013.35
PROD-02760,Kingston Auricular - Modelo 298,2689.25
PROD-02761,Corsair Teclado - Modelo 199,4460.43
PROD-02762,Razer Auricular - Modelo 397,4343.81
PROD-02763,Dell Auricular - Modelo 192,3984.09
PROD-02764,Samsung Fuente - Modelo 934,184.1
PROD-02765,Kingston Laptop - Modelo 472,3550.71
PROD-02766,LG SSD - Modelo 433,1321.87
PROD-02767,Corsair Mouse - Modelo 667,894.41
PROD-02768,LG SSD - Modelo 157,3785.61
PROD-02769,Kingston RAM - Modelo 483,2695.31
PROD-02770,Razer RAM - Modelo 869,2561.07
PROD-02771,Razer Laptop - Modelo 809,2106.91
PROD-02772,LG Webcam - Modelo 144,1082.81
PROD-02773,LG Laptop - Modelo 191,3746.88
PROD-02774,Logitech Auricular - Modelo 513,3681.75
PROD-02775,LG SSD - Modelo 842,3359.84
PROD-02776,Kingston SSD - Modelo 676,3287.41
PROD-02777,Sony Laptop - Modelo 166,2405.42
PROD-02778,Sony Monitor - Modelo 915,2662.29
PROD-02779,ASUS Laptop - Modelo 109,2383.42
PROD-02780,LG Mouse - Modelo 303,1253.87
PROD-02781,ASUS Fuente - Modelo 678,1610.09
PROD-02782,Razer Fuente - Modelo 267,4990.66
PROD-02783,Corsair Teclado - Modelo 912,470.53
PROD-02784,Samsung Webcam - Modelo 801,3715.7
PROD-02785,Dell Mouse - Modelo 146,113.5
PROD-02786,Razer Auricular - Modelo 558,2112.15
PROD-02787,Corsair Fuente - Modelo 752,649.3
PROD-02788,Sony Gabinete - Modelo 488,4292.11
PROD-02789,Corsair Auricular - Modelo 807,1069.19
PROD-02790,ASUS RAM - Modelo 637,4425.12
PROD-02791,HP SSD - Modelo 436,1497.12
PROD-02792,Logitech RAM - Modelo 106,4878.71
PROD-02793,Samsung Laptop - Modelo 359,1343.17
PROD-02794,ASUS Teclado - Modelo 257,1673.72
PROD-02795,Kingston Monitor - Modelo 279,3313.29
PROD-02796,Kingston Gabinete - Modelo 766,2761.75
PROD-02797,Samsung Teclado - Modelo 597,2953.35
PROD-02798,Razer Monitor - Modelo 677,3639.33
PROD-02799,Kingston Laptop - Modelo 631,3162.83
PROD-02800,Corsair Mouse - Modelo 997,3963.05
PROD-02801,Dell Webcam - Modelo 400,1253.96
PROD-02802,Razer Laptop - Modelo 762,4548.03
PROD-02803,Logitech Gabinete - Modelo 214,4263.67
PROD-02804,ASUS Laptop - Modelo 821,2101.41
PROD-02805,ASUS Webcam - Modelo 826,3366.26
PROD-02806,Corsair Auricular - Modelo 909,3589.64
PROD-02807,Corsair SSD - Modelo 391,4242.63
PROD-02808,Corsair Webcam - Modelo 756,1782.64
PROD-02809,LG SSD - Modelo 343,1566.96
PROD-02810,Razer Webcam - Modelo 193,4378.82
PROD-02811,LG Laptop - Modelo 139,3644.48
PROD-02812,Logitech Laptop - Modelo 549,2704.38
PROD-02813,Dell Gabinete - Modelo 822,3653.0
PROD-02814,LG Teclado - Modelo 787,639.61
PROD-02815,LG Webcam - Modelo 957,170.74
PROD-02816,Razer Teclado - Modelo 486,3743.41
PROD-02817,Sony Mouse - Modelo 785,4679.15
PROD-02818,Razer Gabinete - Modelo 162,216.56
PROD-02819,Sony RAM - Modelo 513,887.45
PROD-02820,ASUS RAM - Modelo 385,3042.61
PROD-02821,ASUS Laptop - Modelo 579,299.92
PROD-02822,Samsung Fuente - Modelo 810,1965.3
PROD-02823,HP SSD - Modelo 487,3929.14
PROD-02824,Sony RAM - Modelo 840,1414.95
PROD-02825,Dell Mouse - Modelo 705,3819.11
PROD-02826,Razer Fuente - Modelo 374,3532.92
PROD-02827,HP Teclado - Modelo 575,1738.55
PROD-02828,Sony Monitor - Modelo 275,4136.47
PROD-02829,Dell Webcam - Modelo 204,2760.77
PROD-02830,Samsung RAM - Modelo 291,1907.9
PROD-02831,Logitech RAM - Modelo 144,162.41
PROD-02832,HP Mouse - Modelo 342,3192.47
PROD-02833,LG Gabinete - Modelo 838,4341.54
PROD-02834,HP Monitor - Modelo 563,3229.82
PROD-02835,Samsung Webcam - Modelo 572,3886.07
PROD-02836,Sony RAM - Modelo 617,2264.56
PROD-02837,Razer Laptop - Modelo 281,4883.15
PROD-02838,ASUS Mouse - Modelo 933,1913.92
PROD-02839,Logitech Gabinete - Modelo 698,1301.01
PROD-02840,Sony Fuente - Modelo 240,3796.71
PROD-02841,Logitech SSD - Modelo 993,4591.73
PROD-02842,Corsair Mouse - Modelo 928,2844.73
PROD-02843,Razer Fuente - Modelo 812,3976.1
PROD-02844,HP RAM - Modelo 683,1964.64
PROD-02845,Razer Fuente - Modelo 484,2181.84
PROD-02846,Logitech RAM - Modelo 292,1014.79
PROD-02847,Kingston Teclado - Modelo 949,2056.3
PROD-02848,Logitech Mouse - Modelo 143,3360.83
PROD-02849,Samsung Mouse - Modelo 712,4938.79
PROD-02850,Corsair SSD - Modelo 299,857.22
PROD-02851,Corsair Monitor - Modelo 519,3410.14
PROD-02852,LG Monitor - Modelo 847,3852.93
PROD-02853,LG SSD - Modelo 450,2441.44
PROD-02854,LG Monitor - Modelo 418,739.41
PROD-02855,LG Webcam - Modelo 587,523.52
PROD-02856,Dell Teclado - Modelo 259,2311.17
PROD-02857,Sony Laptop - Modelo 241,3938.32
PROD-02858,Samsung Webcam - Modelo 105,160.74
PROD-02859,LG RAM - Modelo 683,1425.68
PROD-02860,HP Gabinete - Modelo 744,1459.37
PROD-02861,LG Gabinete - Modelo 517,2979.96
PROD-02862,HP Auricular - Modelo 891,1141.07
PROD-02863,Corsair Laptop - Modelo 165,4656.68
PROD-02864,HP Auricular - Modelo 548,2940.66
PROD-02865,Samsung Fuente - Modelo 997,3988.2
PROD-02866,Samsung Fuente - Modelo 196,1250.86
PROD-02867,Sony Webcam - Modelo 914,378.83
PROD-02868,Corsair Fuente - Modelo 777,2141.05
PROD-02869,LG Teclado - Modelo 607,2309.64
PROD-02870,Kingston Monitor - Modelo 838,4377.0
PROD-02871,Dell RAM - Modelo 144,4853.67
PROD-02872,Razer Monitor - Modelo 668,4400.97
PROD-02873,Samsung SSD - Modelo 612,1710.3
PROD-02874,Logitech SSD - Modelo 644,1024.57
PROD-02875,Kingston Laptop - Modelo 217,111.68
PROD-02876,Razer Fuente - Modelo 470,2992.34
PROD-02877,LG Laptop - Modelo 913,1766.24
PROD-02878,Logitech Monitor - Modelo 272,28.17
PROD-02879,Sony SSD - Modelo 835,2705.93
PROD-02880,Kingston Gabinete - Modelo 261,1950.48
PROD-02881,ASUS Teclado - Modelo 600,4135.28
PROD-02882,ASUS SSD - Modelo 745,1207.41
PROD-02883,LG Fuente - Modelo 895,2648.76
PROD-02884,Corsair Mouse - Modelo 611,291.95
PROD-02885,Samsung RAM - Modelo 180,1811.58
PROD-02886,Samsung Fuente - Modelo 231,4854.19
PROD-02887,Samsung RAM - Modelo 464,2017.8
PROD-02888,ASUS Webcam - Modelo 910,2355.73
PROD-02889,Corsair SSD - Modelo 492,288.96
PROD-02890,Samsung Webcam - Modelo 698,2251.56
PROD-02891,Sony Auricular - Modelo 675,1507.38
PROD-02892,LG Auricular - Modelo 573,3709.67
PROD-02893,Sony Teclado - Modelo 186,4626.06
PROD-02894,ASUS Fuente - Modelo 567,691.36
PROD-02895,Corsair Fuente - Modelo 692,3391.06
PROD-02896,Sony SSD - Modelo 233,4693.19
PROD-02897,Corsair Fuente - Modelo 318,3858.46
PROD-02898,Logitech Webcam - Modelo 685,3032.86
PROD-02899,Dell Teclado - Modelo 837,3188.81
PROD-02900,Razer Mouse - Modelo 590,2079.54
PROD-02901,Kingston Fuente - Modelo 904,4287.44
PROD-02902,Razer SSD - Modelo 889,981.24
PROD-02903,Dell RAM - Modelo 543,1795.2
PROD-02904,HP Laptop - Modelo 577,1343.12
PROD-02905,ASUS SSD - Modelo 443,1349.92
PROD-02906,Sony Monitor - Modelo 197,801.42
PROD-02907,Logitech Monitor - Modelo 528,4172.49
PROD-02908,Dell Gabinete - Modelo 658,4204.97
PROD-02909,LG Gabinete - Modelo 856,1342.51
PROD-02910,Samsung Laptop - Modelo 237,4775.54
PROD-02911,Logitech SSD - Modelo 213,1385.73
PROD-02912,Kingston Teclado - Modelo 586,4207.71
PROD-02913,HP Teclado - Modelo 464,774.47
PROD-02914,Razer Mouse - Modelo 853,2901.45
PROD-02915,Corsair Gabinete - Modelo 198,1719.52
PROD-02916,Corsair Mouse - Modelo 704,4089.78
PROD-02917,Sony Gabinete - Modelo 297,4433.71
PROD-02918,Dell Laptop - Modelo 281,385.54
PROD-02919,ASUS Gabinete - Modelo 814,422.22
PROD-02920,Kingston RAM - Modelo 970,1774.94
PROD-02921,Samsung Mouse - Modelo 962,3030.15
PROD-02922,LG Monitor - Modelo 302,2538.24
PROD-02923,Razer Fuente - Modelo 984,2585.97
PROD-02924,Logitech Webcam - Modelo 357,3154.82
PROD-02925,Logitech Auricular - Modelo 656,1675.62
PROD-02926,Sony SSD - Modelo 466,1873.05
PROD-02927,Dell RAM - Modelo 192,2444.92
PROD-02928,Sony Webcam - Modelo 760,1794.14
PROD-02929,Sony Monitor - Modelo 906,3980.74
PROD-02930,ASUS Monitor - Modelo 285,3322.51
PROD-02931,Kingston Auricular - Modelo 234,4312.19
PROD-02932,Sony Webcam - Modelo 805,120.81
PROD-02933,Sony Teclado - Modelo 803,3197.22
PROD-02934,Logitech RAM - Modelo 525,983.27
PROD-02935,HP Gabinete - Modelo 713,4064.83
PROD-02936,Razer Auricular - Modelo 853,4872.24
PROD-02937,Samsung RAM - Modelo 541,3069.18
PROD-02938,HP Fuente - Modelo 788,2959.14
PROD-02939,Dell Monitor - Modelo 687,1864.38
PROD-02940,HP Monitor - Modelo 108,2575.74
PROD-02941,Logitech SSD - Modelo 114,1018.19
PROD-02942,Sony Auricular - Modelo 335,614.91
PROD-02943,Corsair RAM - Modelo 545,4321.08
PROD-02944,ASUS Monitor - Modelo 746,4331.19
PROD-02945,HP Webcam - Modelo 167,2378.4
PROD-02946,Razer Teclado - Modelo 498,4581.34
PROD-02947,Corsair Mouse - Modelo 542,4209.93
PROD-02948,Kingston Fuente - Modelo 990,4022.17
PROD-02949,ASUS Teclado - Modelo 255,1852.65
PROD-02950,Dell Monitor - Modelo 810,4295.61
PROD-02951,Samsung Monitor - Modelo 768,1444.36
PROD-02952,Corsair Webcam - Modelo 673,4579.41
PROD-02953,Samsung Gabinete - Modelo 544,4508.66
PROD-02954,Sony Auricular - Modelo 202,4536.38
PROD-02955,Kingston RAM - Modelo 403,3366.26
PROD-02956,Razer Mouse - Modelo 596,3573.71
PROD-02957,ASUS Webcam - Modelo 365,4540.55
PROD-02958,Kingston Gabinete - Modelo 641,3385.7
PROD-02959,Logitech Auricular - Modelo 866,3293.05
PROD-02960,Dell Laptop - Modelo 863,4583.51
PROD-02961,Sony Gabinete - Modelo 463,4481.52
PROD-02962,Corsair Mouse - Modelo 481,3491.82
PROD-02963,HP Fuente - Modelo 644,2215.34
PROD-02964,LG Laptop - Modelo 667,3535.12
PROD-02965,Razer Laptop - Modelo 833,958.24
PROD-02966,Samsung SSD - Modelo 630,4815.43
PROD-02967,ASUS Webcam - Modelo 133,4359.09
PROD-02968,Kingston Auricular - Modelo 900,1218.65
PROD-02969,Dell Mouse - Modelo 502,3702.34
PROD-02970,Logitech RAM - Modelo 260,2434.62
PROD-02971,Razer Mouse - Modelo 631,2244.4
PROD-02972,Razer Webcam - Modelo 920,3452.43
PROD-02973,Corsair Monitor - Modelo 724,1401.46
PROD-02974,Kingston Fuente - Modelo 469,2586.42
PROD-02975,HP Teclado - Modelo 144,218.57
PROD-02976,Logitech Monitor - Modelo 578,738.03
PROD-02977,Corsair Auricular - Modelo 327,1416.61
PROD-02978,Razer Monitor - Modelo 525,3570.34
PROD-02979,Kingston Webcam - Modelo 546,4515.5
PROD-02980,Kingston SSD - Modelo 615,3380.81
PROD-02981,ASUS SSD - Modelo 262,1697.75
PROD-02982,Razer Auricular - Modelo 855,1380.73
PROD-02983,LG Teclado - Modelo 554,3057.4
PROD-02984,LG Laptop - Modelo 201,3863.34
PROD-02985,Razer Auricular - Modelo 705,364.7
PROD-02986,HP Fuente - Modelo 428,4022.64
PROD-02987,LG Auricular - Modelo 254,4178.17
PROD-02988,LG Mouse - Modelo 586,1021.65
PROD-02989,Dell Gabinete - Modelo 407,722.57
PROD-02990,Kingston Monitor - Modelo 921,923.78
PROD-02991,Logitech RAM - Modelo 684,3073.69
PROD-02992,ASUS RAM - Modelo 485,683.44
PROD-02993,Samsung Mouse - Modelo 209,3257.12
PROD-02994,Sony Mouse - Modelo 873,691.44
PROD-02995,Kingston Monitor - Modelo 981,3321.86
PROD-02996,Corsair RAM - Modelo 508,4437.47
PROD-02997,ASUS Laptop - Modelo 149,3451.38
PROD-02998,Samsung Webcam - Modelo 535,752.63
PROD-02999,HP Teclado - Modelo 946,2286.3
PROD-03000,LG Fuente - Modelo 385,2585.88
PROD-03001,Corsair Gabinete - Modelo 260,1443.71
PROD-03002,LG SSD - Modelo 281,1526.88
PROD-03003,Logitech RAM - Modelo 922,2218.72
PROD-03004,Dell Laptop - Modelo 269,1916.19
PROD-03005,Samsung Mouse - Modelo 367,4151.2
PROD-03006,Dell Fuente - Modelo 361,3345.44
PROD-03007,Razer Monitor - Modelo 388,4542.25
PROD-03008,Sony Laptop - Modelo 314,3813.34
PROD-03009,Kingston Teclado - Modelo 516,2754.38
PROD-03010,HP Gabinete - Modelo 822,2995.09
PROD-03011,LG Teclado - Modelo 782,3435.96
PROD-03012,ASUS Monitor - Modelo 534,3499.83
PROD-03013,Razer Gabinete - Modelo 320,4369.98
PROD-03014,Samsung SSD - Modelo 846,2470.38
PROD-03015,Samsung Teclado - Modelo 460,77.92
PROD-03016,Dell Webcam - Modelo 413,2101.41
PROD-03017,Kingston Auricular - Modelo 966,1582.46
PROD-03018,HP Webcam - Modelo 362,4441.51
PROD-03019,Corsair Webcam - Modelo 715,2320.08
PROD-03020,Razer Teclado - Modelo 176,4123.35
PROD-03021,Sony Mouse - Modelo 976,4765.27
PROD-03022,Corsair RAM - Modelo 166,3604.08
PROD-03023,LG Teclado - Modelo 725,4997.63
PROD-03024,Corsair SSD - Modelo 556,4153.75
PROD-03025,Logitech Laptop - Modelo 765,139.08
PROD-03026,Logitech Monitor - Modelo 467,2956.28
PROD-03027,ASUS Laptop - Modelo 466,737.94
PROD-03028,Razer Mouse - Modelo 864,1282.28
PROD-03029,LG Monitor - Modelo 530,2567.35
PROD-03030,Sony Gabinete - Modelo 680,1056.05
PROD-03031,ASUS Gabinete - Modelo 893,1808.0
PROD-03032,ASUS Mouse - Modelo 281,1238.65
PROD-03033,ASUS Webcam - Modelo 524,1656.08
PROD-03034,Sony Monitor - Modelo 406,811.15
PROD-03035,Sony Laptop - Modelo 968,2599.21
PROD-03036,Samsung Auricular - Modelo 173,3418.33
PROD-03037,Kingston Webcam - Modelo 793,3191.46
PROD-03038,Samsung SSD - Modelo 310,2729.3
PROD-03039,HP Teclado - Modelo 858,2803.59
PROD-03040,Samsung RAM - Modelo 303,2577.32
PROD-03041,Logitech Laptop - Modelo 157,2660.08
PROD-03042,Razer SSD - Modelo 740,2965.74
PROD-03043,LG Teclado - Modelo 984,3217.12
PROD-03044,Sony Gabinete - Modelo 997,338.51
PROD-03045,Kingston Auricular - Modelo 547,3865.86
PROD-03046,Logitech Teclado - Modelo 594,3487.4
PROD-03047,LG RAM - Modelo 567,3049.38
PROD-03048,Kingston Fuente - Modelo 384,4847.72
PROD-03049,Logitech Fuente - Modelo 994,4830.01
PROD-03050,Dell Gabinete - Modelo 664,4113.17
PROD-03051,Samsung Monitor - Modelo 172,1801.9
PROD-03052,Corsair Gabinete - Modelo 967,3804.67
PROD-03053,ASUS Fuente - Modelo 328,4843.42
PROD-03054,ASUS RAM - Modelo 703,730.96
PROD-03055,Sony Laptop - Modelo 118,1443.03
PROD-03056,Razer Fuente - Modelo 711,2926.79
PROD-03057,Dell Mouse - Modelo 131,1249.49
PROD-03058,Samsung RAM - Modelo 488,993.61
PROD-03059,ASUS RAM - Modelo 986,1722.67
PROD-03060,Sony Fuente - Modelo 953,1284.01
PROD-03061,ASUS RAM - Modelo 575,3626.83
PROD-03062,Sony RAM - Modelo 215,625.16
PROD-03063,Sony Fuente - Modelo 188,1672.69
PROD-03064,Kingston Auricular - Modelo 125,4274.14
PROD-03065,Sony Teclado - Modelo 646,2290.89
PROD-03066,Logitech Gabinete - Modelo 273,1108.68
PROD-03067,HP Gabinete - Modelo 604,2818.93
PROD-03068,ASUS SSD - Modelo 587,2915.2
PROD-03069,Dell Auricular - Modelo 948,2197.14
PROD-03070,Logitech Gabinete - Modelo 875,4933.55
PROD-03071,Dell RAM - Modelo 674,3236.66
PROD-03072,LG Laptop - Modelo 375,410.24
PROD-03073,Kingston Fuente - Modelo 786,3242.18
PROD-03074,Corsair Monitor - Modelo 744,1047.4
PROD-03075,Corsair Auricular - Modelo 752,4144.9
PROD-03076,ASUS Auricular - Modelo 753,468.15
PROD-03077,Logitech Monitor - Modelo 908,3210.52
PROD-03078,Logitech Mouse - Modelo 889,3808.7
PROD-03079,HP SSD - Modelo 289,1563.11
PROD-03080,Razer SSD - Modelo 863,3598.42
PROD-03081,Samsung Mouse - Modelo 227,3954.14
PROD-03082,Dell Webcam - Modelo 748,3077.67
PROD-03083,Kingston Webcam - Modelo 276,3488.63
PROD-03084,Samsung SSD - Modelo 892,259.08
PROD-03085,Corsair Fuente - Modelo 771,1265.34
PROD-03086,Corsair Fuente - Modelo 666,48.9
PROD-03087,Logitech Mouse - Modelo 996,259.46
PROD-03088,Samsung Auricular - Modelo 757,4316.46
PROD-03089,Razer SSD - Modelo 682,2786.87
PROD-03090,Kingston Laptop - Modelo 268,1342.72
PROD-03091,ASUS Fuente - Modelo 563,3377.02
PROD-03092,Sony Mouse - Modelo 441,2414.95
PROD-03093,Samsung Mouse - Modelo 678,601.96
PROD-03094,Razer Teclado - Modelo 622,3736.56
PROD-03095,Samsung Fuente - Modelo 961,4371.81
PROD-03096,Kingston SSD - Modelo 147,4609.48
PROD-03097,Corsair Monitor - Modelo 380,512.74
PROD-03098,LG RAM - Modelo 525,3230.87
PROD-03099,Kingston Webcam - Modelo 451,1150.25
PROD-03100,Corsair Monitor - Modelo 363,3397.01
PROD-03101,Logitech Fuente - Modelo 604,1943.52
PROD-03102,HP Teclado - Modelo 778,2366.77
PROD-03103,Corsair Monitor - Modelo 182,2314.26
PROD-03104,HP Monitor - Modelo 786,3172.91
PROD-03105,ASUS Fuente - Modelo 243,1542.7
PROD-03106,HP Monitor - Modelo 600,2214.31
PROD-03107,Logitech SSD - Modelo 334,4480.49
PROD-03108,Samsung RAM - Modelo 726,4492.32
PROD-03109,Corsair Auricular - Modelo 105,4100.24
PROD-03110,Corsair Webcam - Modelo 809,1245.33
PROD-03111,HP Webcam - Modelo 765,2292.94
PROD-03112,Corsair Gabinete - Modelo 552,2542.56
PROD-03113,Kingston Webcam - Modelo 992,4666.16
PROD-03114,LG Auricular - Modelo 139,4201.02
PROD-03115,Razer Teclado - Modelo 327,2701.04
PROD-03116,HP SSD - Modelo 930,4909.5
PROD-03117,Dell SSD - Modelo 188,4822.07
PROD-03118,Kingston Mouse - Modelo 561,3234.07
PROD-03119,Samsung Laptop - Modelo 602,1065.29
PROD-03120,Sony Monitor - Modelo 147,2503.08
PROD-03121,HP Teclado - Modelo 542,1754.2
PROD-03122,ASUS Monitor - Modelo 955,4871.31
PROD-03123,Logitech Mouse - Modelo 286,2719.89
PROD-03124,LG Teclado - Modelo 213,576.15
PROD-03125,Sony Fuente - Modelo 725,2073.5
PROD-03126,Corsair Fuente - Modelo 515,3116.96
PROD-03127,LG RAM - Modelo 450,4790.33
PROD-03128,Logitech Fuente - Modelo 284,4139.54
PROD-03129,Dell Fuente - Modelo 763,2281.03
PROD-03130,Samsung Webcam - Modelo 930,369.22
PROD-03131,Samsung Fuente - Modelo 749,3698.52
PROD-03132,Sony Monitor - Modelo 494,2935.6
PROD-03133,Corsair Laptop - Modelo 869,4611.55
PROD-03134,ASUS Auricular - Modelo 936,3976.53
PROD-03135,Kingston Teclado - Modelo 672,3754.43
PROD-03136,Razer Mouse - Modelo 103,4531.74
PROD-03137,LG Mouse - Modelo 786,2115.58
PROD-03138,LG Teclado - Modelo 739,2363.95
PROD-03139,ASUS Auricular - Modelo 285,3005.65
PROD-03140,Kingston SSD - Modelo 802,1761.21
PROD-03141,HP Teclado - Modelo 352,356.37
PROD-03142,Samsung SSD - Modelo 244,2817.28
PROD-03143,LG Teclado - Modelo 445,3609.52
PROD-03144,Razer RAM - Modelo 283,2273.6
PROD-03145,Razer Monitor - Modelo 109,3495.38
PROD-03146,LG Monitor - Modelo 299,2720.8
PROD-03147,Samsung Mouse - Modelo 932,2451.09
PROD-03148,Razer Teclado - Modelo 275,3212.59
PROD-03149,Corsair RAM - Modelo 219,938.26
PROD-03150,ASUS Monitor - Modelo 463,3234.98
PROD-03151,Sony SSD - Modelo 847,826.63
PROD-03152,Sony Webcam - Modelo 792,3813.98
PROD-03153,Corsair Monitor - Modelo 120,2725.69
PROD-03154,ASUS Webcam - Modelo 663,1725.74
PROD-03155,Logitech Monitor - Modelo 310,875.18
PROD-03156,Kingston Monitor - Modelo 424,4718.26
PROD-03157,Kingston SSD - Modelo 984,2111.49
PROD-03158,LG Auricular - Modelo 299,3229.75
PROD-03159,Logitech Mouse - Modelo 624,4515.75
PROD-03160,Logitech Mouse - Modelo 488,1891.01
PROD-03161,Sony Monitor - Modelo 133,536.96
PROD-03162,Logitech SSD - Modelo 579,3229.07
PROD-03163,HP Monitor - Modelo 105,2652.24
PROD-03164,HP RAM - Modelo 877,1003.24
PROD-03165,Logitech SSD - Modelo 538,4326.6
PROD-03166,Sony Teclado - Modelo 247,2729.54
PROD-03167,Corsair Mouse - Modelo 234,1477.33
PROD-03168,ASUS Auricular - Modelo 568,2677.45
PROD-03169,Sony Laptop - Modelo 337,1774.73
PROD-03170,LG Gabinete - Modelo 660,2822.42
PROD-03171,Dell SSD - Modelo 862,4378.35
PROD-03172,Razer Laptop - Modelo 534,4129.32
PROD-03173,ASUS Webcam - Modelo 903,4619.05
PROD-03174,Samsung Fuente - Modelo 462,1404.78
PROD-03175,Samsung Fuente - Modelo 111,4051.88
PROD-03176,Kingston Auricular - Modelo 257,2929.13
PROD-03177,Sony Monitor - Modelo 603,832.91
PROD-03178,LG RAM - Modelo 580,1587.89
PROD-03179,Samsung SSD - Modelo 694,1403.31
PROD-03180,Corsair Fuente - Modelo 370,1852.56
PROD-03181,Logitech Fuente - Modelo 966,3269.96
PROD-03182,HP Gabinete - Modelo 990,3923.23
PROD-03183,Kingston Fuente - Modelo 709,2557.57
PROD-03184,LG SSD - Modelo 727,3973.39
PROD-03185,Kingston Gabinete - Modelo 452,2728.59
PROD-03186,LG Teclado - Modelo 930,478.76
PROD-03187,Razer Mouse - Modelo 665,148.57
PROD-03188,HP Mouse - Modelo 882,4124.81
PROD-03189,Corsair Gabinete - Modelo 449,1176.45
PROD-03190,HP Gabinete - Modelo 249,3844.21
PROD-03191,Dell Laptop - Modelo 685,2752.67
PROD-03192,ASUS SSD - Modelo 697,4690.32
PROD-03193,Sony Auricular - Modelo 364,1711.37
PROD-03194,LG Monitor - Modelo 677,2662.83
PROD-03195,Kingston SSD - Modelo 275,3396.08
PROD-03196,ASUS Webcam - Modelo 536,647.59
PROD-03197,Logitech Mouse - Modelo 517,2044.49
PROD-03198,Dell Gabinete - Modelo 785,3219.72
PROD-03199,Razer SSD - Modelo 129,1132.25
PROD-03200,Sony Teclado - Modelo 389,2545.8
PROD-03201,Sony Webcam - Modelo 776,317.72
PROD-03202,HP Gabinete - Modelo 201,4112.65
PROD-03203,Razer Gabinete - Modelo 802,1663.02
PROD-03204,Corsair Laptop - Modelo 586,3931.56
PROD-03205,HP Auricular - Modelo 695,4104.44
PROD-03206,LG Teclado - Modelo 957,3395.96
PROD-03207,Samsung Monitor - Modelo 393,2718.0
PROD-03208,ASUS Monitor - Modelo 278,2482.07
PROD-03209,Corsair Laptop - Modelo 546,4009.85
PROD-03210,Kingston Gabinete - Modelo 442,1302.16
PROD-03211,Kingston Mouse - Modelo 523,3059.3
PROD-03212,Logitech Laptop - Modelo 168,3710.92
PROD-03213,Dell SSD - Modelo 505,3786.99
PROD-03214,Dell Laptop - Modelo 912,843.59
PROD-03215,Logitech Monitor - Modelo 327,3647.5
PROD-03216,HP Laptop - Modelo 658,1709.84
PROD-03217,Razer Laptop - Modelo 359,609.79
PROD-03218,Samsung Teclado - Modelo 631,2613.78
PROD-03219,ASUS Mouse - Modelo 457,1368.33
PROD-03220,LG Teclado - Modelo 285,1855.56
PROD-03221,Sony Monitor - Modelo 593,2932.68
PROD-03222,Corsair SSD - Modelo 310,4529.68
PROD-03223,Razer Mouse - Modelo 284,4930.62
PROD-03224,ASUS Gabinete - Modelo 632,4213.53
PROD-03225,Kingston Laptop - Modelo 807,4897.29
PROD-03226,ASUS Gabinete - Modelo 541,3652.17
PROD-03227,LG Gabinete - Modelo 230,1243.94
PROD-03228,Corsair Gabinete - Modelo 488,3779.03
PROD-03229,Dell RAM - Modelo 441,1298.4
PROD-03230,HP Mouse - Modelo 298,3761.79
PROD-03231,Kingston Monitor - Modelo 124,2355.76
PROD-03232,Corsair Gabinete - Modelo 485,1772.2
PROD-03233,Razer Laptop - Modelo 446,1805.13
PROD-03234,LG Teclado - Modelo 196,2015.05
PROD-03235,LG SSD - Modelo 928,3646.23
PROD-03236,Dell RAM - Modelo 620,1671.48
PROD-03237,Dell Auricular - Modelo 766,2466.35
PROD-03238,Corsair Laptop - Modelo 955,2043.54
PROD-03239,Kingston Webcam - Modelo 639,2365.68
PROD-03240,Samsung Teclado - Modelo 515,1779.77
PROD-03241,Razer Gabinete - Modelo 118,3835.8
PROD-03242,ASUS Webcam - Modelo 562,3827.6
PROD-03243,Razer RAM - Modelo 356,2793.07
PROD-03244,ASUS SSD - Modelo 609,2074.48
PROD-03245,Logitech Fuente - Modelo 683,3398.49
PROD-03246,Sony SSD - Modelo 725,4041.45
PROD-03247,Kingston Laptop - Modelo 484,3476.59
PROD-03248,Razer Fuente - Modelo 259,3785.95
PROD-03249,ASUS Webcam - Modelo 559,678.48
PROD-03250,Corsair Fuente - Modelo 741,3652.34
PROD-03251,Sony Gabinete - Modelo 163,4156.42
PROD-03252,ASUS SSD - Modelo 425,3474.35
PROD-03253,Kingston RAM - Modelo 799,1497.78
PROD-03254,Corsair Mouse - Modelo 346,4941.0
PROD-03255,Corsair Monitor - Modelo 733,2106.93
PROD-03256,Sony Webcam - Modelo 439,1706.82
PROD-03257,Dell Monitor - Modelo 629,406.36
PROD-03258,Corsair Mouse - Modelo 805,1422.63
PROD-03259,HP Fuente - Modelo 943,1402.06
PROD-03260,HP RAM - Modelo 258,4352.59
PROD-03261,Sony Monitor - Modelo 871,4020.33
PROD-03262,LG Webcam - Modelo 795,3467.12
PROD-03263,Sony Webcam - Modelo 497,2500.71
PROD-03264,Kingston Auricular - Modelo 800,963.78
PROD-03265,LG Teclado - Modelo 737,1695.77
PROD-03266,Dell Laptop - Modelo 241,458.47
PROD-03267,Sony SSD - Modelo 948,3444.14
PROD-03268,Corsair Mouse - Modelo 228,4154.16
PROD-03269,Logitech Mouse - Modelo 640,351.17
PROD-03270,Logitech Auricular - Modelo 300,3754.87
PROD-03271,Kingston SSD - Modelo 876,4244.09
PROD-03272,ASUS Laptop - Modelo 471,1299.1
PROD-03273,ASUS Monitor - Modelo 420,2084.86
PROD-03274,Razer SSD - Modelo 711,2468.86
PROD-03275,HP Fuente - Modelo 769,1705.43
PROD-03276,Sony Mouse - Modelo 463,1878.3
PROD-03277,Samsung Gabinete - Modelo 459,1241.31
PROD-03278,Razer Webcam - Modelo 322,4530.38
PROD-03279,Dell Auricular - Modelo 826,1887.06
PROD-03280,Corsair Auricular - Modelo 342,121.28
PROD-03281,ASUS Monitor - Modelo 656,1878.16
PROD-03282,Samsung Fuente - Modelo 956,4857.64
PROD-03283,ASUS Auricular - Modelo 696,2735.46
PROD-03284,Dell Mouse - Modelo 483,530.03
PROD-03285,Dell SSD - Modelo 301,3592.26
PROD-03286,Razer Fuente - Modelo 883,3492.46
PROD-03287,HP Laptop - Modelo 775,2473.98
PROD-03288,Dell Monitor - Modelo 204,845.77
PROD-03289,LG Auricular - Modelo 932,4737.05
PROD-03290,Dell RAM - Modelo 777,2081.7
PROD-03291,Dell Webcam - Modelo 246,990.56
PROD-03292,Sony Mouse - Modelo 901,3965.57
PROD-03293,HP Laptop - Modelo 408,4141.1
PROD-03294,Sony Monitor - Modelo 369,4534.57
PROD-03295,Razer Auricular - Modelo 515,3937.98
PROD-03296,HP Teclado - Modelo 700,2405.69
PROD-03297,LG Webcam - Modelo 939,1015.45
PROD-03298,Kingston Auricular - Modelo 845,2456.22
PROD-03299,Sony Monitor - Modelo 463,707.0
PROD-03300,HP Monitor - Modelo 368,3458.08
PROD-03301,Logitech Teclado - Modelo 879,4349.79
PROD-03302,Dell Fuente - Modelo 227,1694.15
PROD-03303,Corsair RAM - Modelo 777,277.26
PROD-03304,Logitech Laptop - Modelo 761,2301.24
PROD-03305,HP Webcam - Modelo 494,2542.28
PROD-03306,Logitech Teclado - Modelo 865,3541.28
PROD-03307,Sony RAM - Modelo 981,4465.88
PROD-03308,Sony Monitor - Modelo 876,3280.85
PROD-03309,Samsung Gabinete - Modelo 161,4333.82
PROD-03310,Logitech Monitor - Modelo 647,194.62
PROD-03311,HP Gabinete - Modelo 910,3667.3
PROD-03312,Dell Teclado - Modelo 125,815.05
PROD-03313,HP Laptop - Modelo 831,4557.43
PROD-03314,Razer Teclado - Modelo 290,266.15
PROD-03315,LG Webcam - Modelo 203,37.13
PROD-03316,Logitech Mouse - Modelo 774,4404.99
PROD-03317,LG SSD - Modelo 862,2113.88
PROD-03318,LG Mouse - Modelo 595,1771.11
PROD-03319,LG Mouse - Modelo 277,4215.48
PROD-03320,Corsair Webcam - Modelo 371,1236.82
PROD-03321,Sony Monitor - Modelo 412,3899.79
PROD-03322,Logitech Laptop - Modelo 281,1996.73
PROD-03323,ASUS Teclado - Modelo 418,445.42
PROD-03324,Razer Teclado - Modelo 977,3109.99
PROD-03325,ASUS Fuente - Modelo 755,2016.6
PROD-03326,Logitech Mouse - Modelo 650,2385.23
PROD-03327,Corsair SSD - Modelo 990,4313.32
PROD-03328,LG Fuente - Modelo 672,3063.51
PROD-03329,Dell Webcam - Modelo 368,3960.25
PROD-03330,Logitech Auricular - Modelo 276,1311.67
PROD-03331,Kingston Webcam - Modelo 612,3700.37
PROD-03332,Corsair Teclado - Modelo 495,3601.47
PROD-03333,HP Gabinete - Modelo 124,2519.33
PROD-03334,Samsung RAM - Modelo 472,2497.02
PROD-03335,Logitech Gabinete - Modelo 722,3369.41
PROD-03336,Kingston Monitor - Modelo 592,1222.47
PROD-03337,Logitech RAM - Modelo 342,619.03
PROD-03338,Samsung Webcam - Modelo 955,35.06
PROD-03339,Kingston RAM - Modelo 784,3251.5
PROD-03340,Logitech RAM - Modelo 120,804.44
PROD-03341,Dell Monitor - Modelo 388,1908.29
PROD-03342,ASUS Gabinete - Modelo 998,4858.5
PROD-03343,Sony Mouse - Modelo 121,1331.51
PROD-03344,ASUS Laptop - Modelo 755,2527.09
PROD-03345,Dell SSD - Modelo 194,4583.05
PROD-03346,Logitech Gabinete - Modelo 814,348.98
PROD-03347,Kingston Teclado - Modelo 212,2621.92
PROD-03348,Corsair RAM - Modelo 910,1594.86
PROD-03349,Razer SSD - Modelo 988,4613.82
PROD-03350,Corsair SSD - Modelo 673,307.42
PROD-03351,HP Monitor - Modelo 906,4770.04
PROD-03352,Samsung Auricular - Modelo 789,1266.66
PROD-03353,Corsair Laptop - Modelo 236,246.78
PROD-03354,Kingston SSD - Modelo 694,1265.73
PROD-03355,HP SSD - Modelo 658,2362.79
PROD-03356,LG Teclado - Modelo 594,540.53
PROD-03357,Samsung Webcam - Modelo 805,1065.2
PROD-03358,Corsair RAM - Modelo 433,1791.66
PROD-03359,Logitech RAM - Modelo 479,4528.56
PROD-03360,LG Gabinete - Modelo 356,401.58
PROD-03361,Corsair Monitor - Modelo 515,1898.12
PROD-03362,Sony Monitor - Modelo 608,2519.8
PROD-03363,Sony Auricular - Modelo 366,1450.1
PROD-03364,Samsung Monitor - Modelo 212,1656.45
PROD-03365,LG SSD - Modelo 436,956.32
PROD-03366,Logitech SSD - Modelo 818,3595.92
PROD-03367,Logitech Auricular - Modelo 665,4930.1
PROD-03368,LG Fuente - Modelo 801,4712.6
PROD-03369,Kingston Mouse - Modelo 507,2056.46
PROD-03370,Kingston SSD - Modelo 741,1512.16
PROD-03371,HP RAM - Modelo 276,3435.34
PROD-03372,HP Webcam - Modelo 376,108.15
PROD-03373,Kingston Teclado - Modelo 608,4890.59
PROD-03374,HP Webcam - Modelo 370,1415.14
PROD-03375,Dell Fuente - Modelo 483,1759.6
PROD-03376,Sony RAM - Modelo 334,1042.63
PROD-03377,Samsung Laptop - Modelo 243,4056.49
PROD-03378,Kingston Fuente - Modelo 243,2382.13
PROD-03379,Logitech RAM - Modelo 480,2874.67
PROD-03380,Dell Laptop - Modelo 792,4302.5
PROD-03381,Corsair RAM - Modelo 791,4510.09
PROD-03382,Corsair Monitor - Modelo 616,4213.66
PROD-03383,Kingston SSD - Modelo 463,2292.73
PROD-03384,Logitech Mouse - Modelo 701,4181.52
PROD-03385,HP Gabinete - Modelo 103,2579.62
PROD-03386,Dell Monitor - Modelo 751,750.89
PROD-03387,Dell SSD - Modelo 159,4088.93
PROD-03388,Logitech Monitor - Modelo 772,132.95
PROD-03389,Razer RAM - Modelo 497,1257.25
PROD-03390,Sony Webcam - Modelo 348,4844.5
PROD-03391,Samsung Fuente - Modelo 889,1265.74
PROD-03392,Samsung Teclado - Modelo 354,263.67
PROD-03393,HP Auricular - Modelo 849,2390.76
PROD-03394,Kingston Gabinete - Modelo 810,4986.41
PROD-03395,Logitech Laptop - Modelo 151,3873.86
PROD-03396,Samsung Auricular - Modelo 954,2717.54
PROD-03397,LG Gabinete - Modelo 960,2182.56
PROD-03398,Sony Webcam - Modelo 947,3297.76
PROD-03399,HP Monitor - Modelo 408,1599.68
PROD-03400,Razer SSD - Modelo 946,1581.24
PROD-03401,ASUS Mouse - Modelo 371,914.67
PROD-03402,LG SSD - Modelo 917,4088.31
PROD-03403,HP Monitor - Modelo 604,805.08
PROD-03404,Logitech Auricular - Modelo 309,744.37
PROD-03405,HP Mouse - Modelo 119,1143.23
PROD-03406,Razer Fuente - Modelo 906,3211.59
PROD-03407,Dell Laptop - Modelo 511,1105.99
PROD-03408,Dell Monitor - Modelo 493,2389.58
PROD-03409,Kingston Mouse - Modelo 850,4118.38
PROD-03410,Kingston Mouse - Modelo 205,858.2
PROD-03411,Corsair Auricular - Modelo 603,523.1
PROD-03412,Samsung RAM - Modelo 923,1659.03
PROD-03413,Kingston Webcam - Modelo 566,4411.08
PROD-03414,Logitech RAM - Modelo 360,2227.46
PROD-03415,Dell Laptop - Modelo 399,2942.49
PROD-03416,Kingston Laptop - Modelo 212,4507.66
PROD-03417,Dell Gabinete - Modelo 352,612.91
PROD-03418,Dell Auricular - Modelo 911,730.59
PROD-03419,Dell Gabinete - Modelo 103,2018.27
PROD-03420,Samsung Monitor - Modelo 789,4860.09
PROD-03421,HP Fuente - Modelo 254,2946.03
PROD-03422,Logitech Auricular - Modelo 633,3329.52
PROD-03423,Kingston Teclado - Modelo 789,4305.21
PROD-03424,Sony Gabinete - Modelo 149,4378.94
PROD-03425,Kingston Gabinete - Modelo 808,1765.51
PROD-03426,Corsair Gabinete - Modelo 962,4196.55
PROD-03427,Kingston Monitor - Modelo 712,909.34
PROD-03428,Razer Teclado - Modelo 490,425.17
PROD-03429,Dell Laptop - Modelo 214,3481.53
PROD-03430,HP Monitor - Modelo 816,2457.03
PROD-03431,ASUS Monitor - Modelo 640,4029.39
PROD-03432,Sony Mouse - Modelo 516,444.6
PROD-03433,Logitech Teclado - Modelo 293,3833.71
PROD-03434,Sony RAM - Modelo 393,3812.28
PROD-03435,Razer Mouse - Modelo 902,2174.12
PROD-03436,Razer Monitor - Modelo 436,2979.42
PROD-03437,Samsung Monitor - Modelo 834,1705.91
PROD-03438,HP Monitor - Modelo 156,3561.13
PROD-03439,Dell Laptop - Modelo 506,46.37
PROD-03440,Sony Laptop - Modelo 176,3587.5
PROD-03441,LG Auricular - Modelo 107,4949.72
PROD-03442,HP Monitor - Modelo 508,3980.62
PROD-03443,Corsair Mouse - Modelo 605,137.58
PROD-03444,Razer RAM - Modelo 286,4669.95
PROD-03445,Corsair Webcam - Modelo 287,2710.43
PROD-03446,Logitech Laptop - Modelo 634,3615.23
PROD-03447,Sony Mouse - Modelo 700,2686.36
PROD-03448,ASUS Teclado - Modelo 346,3386.57
PROD-03449,Corsair Webcam - Modelo 428,2533.32
PROD-03450,Razer RAM - Modelo 795,2939.32
PROD-03451,Sony Webcam - Modelo 851,2781.09
PROD-03452,Razer Teclado - Modelo 605,4289.1
PROD-03453,Kingston Auricular - Modelo 274,3068.29
PROD-03454,Kingston Webcam - Modelo 216,1667.14
PROD-03455,Razer Auricular - Modelo 867,641.67
PROD-03456,Logitech SSD - Modelo 437,2309.42
PROD-03457,Sony Fuente - Modelo 841,2657.27
PROD-03458,ASUS Webcam - Modelo 123,433.11
PROD-03459,Kingston Gabinete - Modelo 917,779.05
PROD-03460,Kingston Gabinete - Modelo 537,1913.62
PROD-03461,Samsung Webcam - Modelo 181,2161.56
PROD-03462,Logitech Laptop - Modelo 786,1062.64
PROD-03463,Sony Teclado - Modelo 318,575.06
PROD-03464,Dell RAM - Modelo 962,3854.17
PROD-03465,Logitech SSD - Modelo 436,2211.0
PROD-03466,LG SSD - Modelo 713,1109.12
PROD-03467,HP Laptop - Modelo 428,1292.76
PROD-03468,ASUS Gabinete - Modelo 810,1732.75
PROD-03469,Logitech Auricular - Modelo 242,3872.88
PROD-03470,Sony Gabinete - Modelo 688,288.91
PROD-03471,LG Auricular - Modelo 546,4309.38
PROD-03472,Dell Mouse - Modelo 140,181.04
PROD-03473,Sony Monitor - Modelo 340,2700.63
PROD-03474,ASUS Mouse - Modelo 754,108.78
PROD-03475,Samsung Webcam - Modelo 353,520.03
PROD-03476,Razer Webcam - Modelo 235,3376.36
PROD-03477,Logitech Mouse - Modelo 764,3841.58
PROD-03478,Kingston Webcam - Modelo 566,2309.55
PROD-03479,Samsung Laptop - Modelo 832,3623.77
PROD-03480,Razer Auricular - Modelo 238,4738.03
PROD-03481,ASUS Teclado - Modelo 576,3958.14
PROD-03482,ASUS Gabinete - Modelo 443,4383.97
PROD-03483,Kingston Laptop - Modelo 717,3194.19
PROD-03484,Razer SSD - Modelo 243,1416.84
PROD-03485,Logitech Laptop - Modelo 990,1622.66
PROD-03486,Samsung Gabinete - Modelo 431,4117.23
PROD-03487,Dell Webcam - Modelo 393,4137.1
PROD-03488,LG Mouse - Modelo 264,4972.62
PROD-03489,Dell Fuente - Modelo 106,3174.3
PROD-03490,Dell RAM - Modelo 143,2332.8
PROD-03491,HP SSD - Modelo 777,2794.69
PROD-03492,LG Laptop - Modelo 757,638.68
PROD-03493,Sony Webcam - Modelo 125,1285.79
PROD-03494,Samsung Teclado - Modelo 220,3200.22
PROD-03495,LG Auricular - Modelo 489,4617.98
PROD-03496,HP Laptop - Modelo 409,3863.2
PROD-03497,Corsair Monitor - Modelo 650,2709.5
PROD-03498,ASUS Gabinete - Modelo 948,657.3
PROD-03499,HP Webcam - Modelo 303,4133.09
PROD-03500,Sony SSD - Modelo 118,3053.1
PROD-03501,Samsung Fuente - Modelo 309,1498.85
PROD-03502,Dell Monitor - Modelo 680,2787.98
PROD-03503,LG Webcam - Modelo 729,4422.14
PROD-03504,Kingston Laptop - Modelo 159,835.94
PROD-03505,Kingston Monitor - Modelo 122,911.86
PROD-03506,Dell SSD - Modelo 170,4739.18
PROD-03507,ASUS Mouse - Modelo 442,4791.28
PROD-03508,HP SSD - Modelo 382,2126.26
PROD-03509,Sony Teclado - Modelo 676,3530.71
PROD-03510,Razer Gabinete - Modelo 546,1231.09
PROD-03511,Dell RAM - Modelo 358,4219.97
PROD-03512,ASUS SSD - Modelo 497,1412.36
PROD-03513,LG Auricular - Modelo 212,4592.22
PROD-03514,Logitech Webcam - Modelo 697,1998.63
PROD-03515,Sony Teclado - Modelo 565,1014.24
PROD-03516,Razer Auricular - Modelo 272,3889.29
PROD-03517,ASUS Fuente - Modelo 298,4079.17
PROD-03518,Kingston Laptop - Modelo 580,613.99
PROD-03519,Kingston Gabinete - Modelo 715,2006.53
PROD-03520,Razer Fuente - Modelo 125,1593.83
PROD-03521,Razer RAM - Modelo 213,481.55
PROD-03522,Razer Laptop - Modelo 454,2235.93
PROD-03523,Sony Laptop - Modelo 262,2463.69
PROD-03524,Razer SSD - Modelo 231,4395.78
PROD-03525,LG Auricular - Modelo 513,1118.79
PROD-03526,Corsair Gabinete - Modelo 126,742.7
PROD-03527,HP Monitor - Modelo 699,3918.82
PROD-03528,Kingston Monitor - Modelo 738,4360.87
PROD-03529,Samsung Laptop - Modelo 745,2508.95
PROD-03530,Kingston Fuente - Modelo 873,1132.34
PROD-03531,Logitech Mouse - Modelo 292,1655.29
PROD-03532,Logitech Monitor - Modelo 781,3895.96
PROD-03533,Sony Webcam - Modelo 508,2888.05
PROD-03534,Samsung Mouse - Modelo 987,4722.14
PROD-03535,Corsair RAM - Modelo 403,3034.69
PROD-03536,Corsair RAM - Modelo 542,1570.37
PROD-03537,Corsair SSD - Modelo 639,1101.43
PROD-03538,Dell Teclado - Modelo 156,4074.11
PROD-03539,Logitech Gabinete - Modelo 913,4622.57
PROD-03540,Razer Fuente - Modelo 542,2616.4
PROD-03541,Samsung Monitor - Modelo 630,2083.07
PROD-03542,Sony Auricular - Modelo 535,2912.27
PROD-03543,Logitech Gabinete - Modelo 281,1478.68
PROD-03544,Sony SSD - Modelo 241,4264.46
PROD-03545,LG RAM - Modelo 149,2600.15
PROD-03546,Logitech Auricular - Modelo 199,472.7
PROD-03547,ASUS Monitor - Modelo 279,429.47
PROD-03548,Logitech Gabinete - Modelo 118,4052.15
PROD-03549,Kingston Webcam - Modelo 195,1040.19
PROD-03550,Samsung SSD - Modelo 772,4374.88
PROD-03551,Dell RAM - Modelo 123,1667.19
PROD-03552,LG RAM - Modelo 245,470.37
PROD-03553,ASUS Auricular - Modelo 661,3617.62
PROD-03554,Kingston Auricular - Modelo 501,2006.0
PROD-03555,Samsung Monitor - Modelo 812,3892.91
PROD-03556,Kingston Laptop - Modelo 143,1163.22
PROD-03557,ASUS Mouse - Modelo 659,4576.0
PROD-03558,Sony Auricular - Modelo 976,3009.81
PROD-03559,Logitech SSD - Modelo 345,4788.97
PROD-03560,Razer RAM - Modelo 752,2816.2
PROD-03561,Sony Mouse - Modelo 571,3341.62
PROD-03562,Razer Laptop - Modelo 752,4814.5
PROD-03563,Razer Mouse - Modelo 460,1234.5
PROD-03564,ASUS Fuente - Modelo 457,992.2
PROD-03565,ASUS RAM - Modelo 809,2282.58
PROD-03566,LG Monitor - Modelo 734,34.78
PROD-03567,Dell SSD - Modelo 963,128.72
PROD-03568,Kingston SSD - Modelo 397,1054.63
PROD-03569,Sony Auricular - Modelo 879,952.94
PROD-03570,Samsung Auricular - Modelo 429,1403.93
PROD-03571,HP Mouse - Modelo 938,1728.7
PROD-03572,HP Webcam - Modelo 135,2170.07
PROD-03573,Logitech Monitor - Modelo 368,4856.46
PROD-03574,Kingston Mouse - Modelo 868,4240.45
PROD-03575,HP Auricular - Modelo 752,1214.64
PROD-03576,Logitech SSD - Modelo 309,718.92
PROD-03577,LG RAM - Modelo 726,4260.47
PROD-03578,Razer SSD - Modelo 743,4331.57
PROD-03579,Dell Webcam - Modelo 689,432.88
PROD-03580,Logitech SSD - Modelo 482,599.97
PROD-03581,Sony Teclado - Modelo 515,528.33
PROD-03582,Corsair Laptop - Modelo 826,1684.02
PROD-03583,Razer RAM - Modelo 854,2125.07
PROD-03584,Kingston Mouse - Modelo 809,1386.95
PROD-03585,Corsair Webcam - Modelo 553,3190.27
PROD-03586,Dell SSD - Modelo 135,965.31
PROD-03587,Samsung Gabinete - Modelo 553,146.09
PROD-03588,HP Webcam - Modelo 631,3914.28
PROD-03589,LG Mouse - Modelo 939,721.71
PROD-03590,HP Fuente - Modelo 855,3184.01
PROD-03591,Kingston Gabinete - Modelo 849,3894.92
PROD-03592,LG RAM - Modelo 418,1554.38
PROD-03593,Corsair Auricular - Modelo 389,4790.37
PROD-03594,Kingston Fuente - Modelo 479,1224.9
PROD-03595,Corsair Teclado - Modelo 112,4587.38
PROD-03596,LG Fuente - Modelo 506,4194.95
PROD-03597,Dell Mouse - Modelo 181,2933.42
PROD-03598,Corsair SSD - Modelo 281,4957.29
PROD-03599,Sony SSD - Modelo 270,2877.53
PROD-03600,Samsung Teclado - Modelo 841,1360.54
PROD-03601,Corsair Mouse - Modelo 171,2323.46
PROD-03602,HP Gabinete - Modelo 128,728.59
PROD-03603,Dell RAM - Modelo 749,2400.87
PROD-03604,Razer Auricular - Modelo 490,2068.98
PROD-03605,LG Mouse - Modelo 391,4886.24
PROD-03606,ASUS Monitor - Modelo 225,3739.85
PROD-03607,Dell Teclado - Modelo 920,2294.75
PROD-03608,HP Teclado - Modelo 637,4027.76
PROD-03609,ASUS SSD - Modelo 942,4174.95
PROD-03610,Sony RAM - Modelo 334,673.99
PROD-03611,Dell Webcam - Modelo 569,1760.13
PROD-03612,Razer RAM - Modelo 837,4575.93
PROD-03613,Razer Mouse - Modelo 618,1775.71
PROD-03614,Corsair Auricular - Modelo 848,1985.81
PROD-03615,LG RAM - Modelo 113,4532.18
PROD-03616,Samsung SSD - Modelo 125,3042.88
PROD-03617,Kingston Monitor - Modelo 350,4833.97
PROD-03618,Logitech Auricular - Modelo 361,3589.94
PROD-03619,HP RAM - Modelo 103,1091.6
PROD-03620,LG RAM - Modelo 479,474.04
PROD-03621,Dell Teclado - Modelo 842,1852.58
PROD-03622,Razer Gabinete - Modelo 349,4675.42
PROD-03623,Kingston Gabinete - Modelo 952,38.93
PROD-03624,Kingston Gabinete - Modelo 949,4174.65
PROD-03625,Corsair RAM - Modelo 159,3463.88
PROD-03626,Dell SSD - Modelo 269,2949.38
PROD-03627,HP Laptop - Modelo 381,533.89
PROD-03628,Kingston Laptop - Modelo 323,4537.29
PROD-03629,Razer Monitor - Modelo 564,2720.13
PROD-03630,Samsung Auricular - Modelo 569,2632.45
PROD-03631,HP Laptop - Modelo 786,3320.21
PROD-03632,LG Fuente - Modelo 529,4948.22
PROD-03633,Razer Auricular - Modelo 762,4155.78
PROD-03634,Kingston Auricular - Modelo 467,625.38
PROD-03635,Dell Teclado - Modelo 733,1487.18
PROD-03636,Samsung Mouse - Modelo 803,1523.37
PROD-03637,Samsung SSD - Modelo 301,3656.55
PROD-03638,LG Webcam - Modelo 331,1945.89
PROD-03639,ASUS Gabinete - Modelo 440,576.19
PROD-03640,LG Gabinete - Modelo 751,1159.27
PROD-03641,Sony Mouse - Modelo 324,2900.72
PROD-03642,Sony RAM - Modelo 399,2867.18
PROD-03643,Dell Auricular - Modelo 984,3382.64
PROD-03644,ASUS RAM - Modelo 473,2211.96
PROD-03645,Samsung Webcam - Modelo 501,2066.67
PROD-03646,Dell Mouse - Modelo 450,4632.13
PROD-03647,Corsair Mouse - Modelo 702,1187.43
PROD-03648,HP Mouse - Modelo 360,3520.62
PROD-03649,HP Auricular - Modelo 526,2533.38
PROD-03650,LG RAM - Modelo 444,3038.29
PROD-03651,ASUS Webcam - Modelo 206,2474.18
PROD-03652,HP Auricular - Modelo 833,3972.16
PROD-03653,Corsair Auricular - Modelo 312,4558.31
PROD-03654,ASUS Mouse - Modelo 332,111.4
PROD-03655,ASUS SSD - Modelo 261,124.58
PROD-03656,LG Auricular - Modelo 177,238.16
PROD-03657,Corsair Gabinete - Modelo 125,1426.02
PROD-03658,HP Teclado - Modelo 274,1899.27
PROD-03659,Kingston Monitor - Modelo 831,2253.3
PROD-03660,Corsair Laptop - Modelo 796,2502.41
PROD-03661,Logitech Fuente - Modelo 378,4193.55
PROD-03662,Razer Auricular - Modelo 845,3081.33
PROD-03663,Razer RAM - Modelo 460,4416.26
PROD-03664,LG Fuente - Modelo 361,2607.03
PROD-03665,Corsair Laptop - Modelo 270,4866.52
PROD-03666,HP Teclado - Modelo 272,936.74
PROD-03667,Dell Auricular - Modelo 943,3668.99
PROD-03668,Razer Laptop - Modelo 771,4712.05
PROD-03669,Samsung Monitor - Modelo 243,604.87
PROD-03670,Logitech Fuente - Modelo 857,4733.17
PROD-03671,HP Gabinete - Modelo 476,3368.84
PROD-03672,Razer Monitor - Modelo 389,3956.56
PROD-03673,LG Auricular - Modelo 617,4904.99
PROD-03674,Razer Laptop - Modelo 196,2503.16
PROD-03675,Razer RAM - Modelo 190,4270.25
PROD-03676,Corsair Mouse - Modelo 739,2371.96
PROD-03677,ASUS Auricular - Modelo 393,3822.69
PROD-03678,Kingston Fuente - Modelo 402,4886.63
PROD-03679,Kingston Fuente - Modelo 886,542.29
PROD-03680,Sony Mouse - Modelo 947,4599.81
PROD-03681,HP Monitor - Modelo 993,3126.45
PROD-03682,Razer Teclado - Modelo 869,891.52
PROD-03683,Sony Mouse - Modelo 651,4016.9
PROD-03684,LG Laptop - Modelo 534,4740.65
PROD-03685,Logitech Mouse - Modelo 120,556.42
PROD-03686,LG Gabinete - Modelo 790,1338.56
PROD-03687,Kingston Fuente - Modelo 463,4076.83
PROD-03688,HP Webcam - Modelo 984,3074.43
PROD-03689,Dell RAM - Modelo 939,2721.0
PROD-03690,Sony Fuente - Modelo 403,3668.89
PROD-03691,HP Gabinete - Modelo 262,2275.21
PROD-03692,Samsung Mouse - Modelo 993,509.65
PROD-03693,Corsair Webcam - Modelo 905,4888.53
PROD-03694,ASUS Fuente - Modelo 643,3730.88
PROD-03695,Samsung Fuente - Modelo 735,4917.48
PROD-03696,Logitech Mouse - Modelo 451,4773.82
PROD-03697,Logitech SSD - Modelo 669,3182.22
PROD-03698,ASUS RAM - Modelo 429,3404.17
PROD-03699,Razer Laptop - Modelo 929,1787.17
PROD-03700,ASUS Teclado - Modelo 769,4031.13
PROD-03701,Sony RAM - Modelo 563,1857.45
PROD-03702,HP Auricular - Modelo 881,4485.27
PROD-03703,Logitech Gabinete - Modelo 639,3950.21
PROD-03704,Razer Webcam - Modelo 218,4547.23
PROD-03705,LG Auricular - Modelo 441,1490.44
PROD-03706,Sony Auricular - Modelo 216,1168.0
PROD-03707,Kingston Laptop - Modelo 859,4643.84
PROD-03708,Corsair SSD - Modelo 763,4289.43
PROD-03709,Razer Gabinete - Modelo 626,1131.25
PROD-03710,Samsung Fuente - Modelo 178,1070.99
PROD-03711,Sony Fuente - Modelo 728,3692.08
PROD-03712,Corsair Webcam - Modelo 709,1472.84
PROD-03713,LG Fuente - Modelo 915,3680.43
PROD-03714,Sony Teclado - Modelo 649,3836.89
PROD-03715,Corsair Webcam - Modelo 858,4455.12
PROD-03716,Sony Auricular - Modelo 200,2106.75
PROD-03717,Kingston Monitor - Modelo 785,1682.3
PROD-03718,Razer SSD - Modelo 948,194.44
PROD-03719,Dell Webcam - Modelo 950,1282.73
PROD-03720,Razer Monitor - Modelo 867,2161.9
PROD-03721,ASUS Monitor - Modelo 983,3334.22
PROD-03722,Dell Mouse - Modelo 695,1291.56
PROD-03723,ASUS Gabinete - Modelo 791,3113.84
PROD-03724,HP Teclado - Modelo 115,271.71
PROD-03725,Samsung Fuente - Modelo 645,3970.54
PROD-03726,Razer Mouse - Modelo 610,4283.89
PROD-03727,Dell Teclado - Modelo 555,1086.26
PROD-03728,Samsung SSD - Modelo 372,1128.64
PROD-03729,Logitech Gabinete - Modelo 855,4668.42
PROD-03730,Corsair Mouse - Modelo 240,2203.56
PROD-03731,Razer RAM - Modelo 805,2731.0
PROD-03732,HP RAM - Modelo 448,1609.44
PROD-03733,Dell Laptop - Modelo 253,2993.67
PROD-03734,Sony Monitor - Modelo 283,3943.38
PROD-03735,Razer Monitor - Modelo 353,360.39
PROD-03736,HP SSD - Modelo 509,2926.14
PROD-03737,ASUS Teclado - Modelo 285,1526.03
PROD-03738,Logitech Monitor - Modelo 145,44.49
PROD-03739,Razer Monitor - Modelo 595,4321.56
PROD-03740,Samsung RAM - Modelo 331,1957.46
PROD-03741,Razer SSD - Modelo 657,4645.52
PROD-03742,LG SSD - Modelo 440,2290.79
PROD-03743,Razer Monitor - Modelo 736,3376.2
PROD-03744,Razer Teclado - Modelo 186,2514.52
PROD-03745,ASUS Teclado - Modelo 425,1060.27
PROD-03746,Dell Auricular - Modelo 358,3280.15
PROD-03747,Samsung Teclado - Modelo 814,1827.72
PROD-03748,ASUS Mouse - Modelo 433,905.74
PROD-03749,Logitech Laptop - Modelo 147,346.14
PROD-03750,Logitech Fuente - Modelo 656,4207.7
PROD-03751,Samsung RAM - Modelo 223,3243.77
PROD-03752,Kingston Auricular - Modelo 740,3099.85
PROD-03753,LG SSD - Modelo 778,1461.61
PROD-03754,Samsung Auricular - Modelo 575,4115.5
PROD-03755,Sony Teclado - Modelo 275,2764.66
PROD-03756,LG Teclado - Modelo 350,2506.9
PROD-03757,Logitech Auricular - Modelo 352,33.48
PROD-03758,ASUS Auricular - Modelo 927,476.7
PROD-03759,HP Mouse - Modelo 890,1988.2
PROD-03760,HP Monitor - Modelo 359,1666.54
PROD-03761,Samsung Gabinete - Modelo 345,1259.05
PROD-03762,Sony Gabinete - Modelo 168,1312.42
PROD-03763,LG Auricular - Modelo 552,1404.57
PROD-03764,Dell Gabinete - Modelo 887,1153.08
PROD-03765,Dell Monitor - Modelo 522,1968.81
PROD-03766,Corsair Monitor - Modelo 535,4485.38
PROD-03767,Dell Teclado - Modelo 890,3659.42
PROD-03768,Sony RAM - Modelo 235,4485.05
PROD-03769,Dell Fuente - Modelo 414,3050.74
PROD-03770,Dell Auricular - Modelo 973,4966.07
PROD-03771,Razer Teclado - Modelo 294,1412.57
PROD-03772,Logitech SSD - Modelo 662,2419.59
PROD-03773,Logitech Auricular - Modelo 149,2171.07
PROD-03774,Logitech Teclado - Modelo 234,4757.5
PROD-03775,Kingston Monitor - Modelo 864,3974.91
PROD-03776,Kingston Webcam - Modelo 479,2987.02
PROD-03777,Kingston Teclado - Modelo 379,1972.46
PROD-03778,LG Fuente - Modelo 373,2950.69
PROD-03779,Samsung Teclado - Modelo 608,2391.14
PROD-03780,HP Auricular - Modelo 734,2495.69
PROD-03781,LG Fuente - Modelo 624,2817.6
PROD-03782,Razer Teclado - Modelo 342,4506.73
PROD-03783,Kingston Fuente - Modelo 250,2549.72
PROD-03784,LG SSD - Modelo 790,3698.08
PROD-03785,Kingston RAM - Modelo 117,4304.98
PROD-03786,Corsair Webcam - Modelo 185,927.5
PROD-03787,Sony Webcam - Modelo 772,3319.0
PROD-03788,Corsair Auricular - Modelo 462,4693.47
PROD-03789,Logitech Laptop - Modelo 854,283.33
PROD-03790,Razer Gabinete - Modelo 485,3737.16
PROD-03791,ASUS Laptop - Modelo 574,4107.07
PROD-03792,LG Webcam - Modelo 524,4167.67
PROD-03793,LG Fuente - Modelo 544,3821.11
PROD-03794,LG Gabinete - Modelo 545,3825.84
PROD-03795,LG Gabinete - Modelo 478,4363.28
PROD-03796,LG Mouse - Modelo 270,2578.92
PROD-03797,Dell Gabinete - Modelo 119,3890.3
PROD-03798,LG RAM - Modelo 144,4574.19
PROD-03799,Razer SSD - Modelo 239,2102.38
PROD-03800,Samsung Teclado - Modelo 251,1575.01
PROD-03801,Dell Teclado - Modelo 215,2982.04
PROD-03802,Razer Fuente - Modelo 593,4416.97
PROD-03803,Dell Mouse - Modelo 395,4322.75
PROD-03804,Samsung Auricular - Modelo 932,764.01
PROD-03805,Dell Fuente - Modelo 421,1557.2
PROD-03806,ASUS Monitor - Modelo 698,4939.3
PROD-03807,Sony RAM - Modelo 568,582.67
PROD-03808,Sony Teclado - Modelo 829,3596.95
PROD-03809,HP Webcam - Modelo 319,3263.98
PROD-03810,Dell Gabinete - Modelo 427,674.96
PROD-03811,Sony Mouse - Modelo 294,2464.95
PROD-03812,Logitech Fuente - Modelo 963,2741.95
PROD-03813,Sony Fuente - Modelo 870,1575.27
PROD-03814,Logitech Laptop - Modelo 364,3929.31
PROD-03815,ASUS Mouse - Modelo 409,2526.86
PROD-03816,Logitech Mouse - Modelo 862,2396.41
PROD-03817,Samsung SSD - Modelo 840,4248.26
PROD-03818,Sony SSD - Modelo 545,4126.91
PROD-03819,Samsung RAM - Modelo 638,2969.97
PROD-03820,Samsung Fuente - Modelo 123,4581.6
PROD-03821,Sony Fuente - Modelo 500,2774.36
PROD-03822,Sony Teclado - Modelo 317,1323.62
PROD-03823,Dell Laptop - Modelo 189,767.23
PROD-03824,Logitech Teclado - Modelo 126,3787.64
PROD-03825,Samsung Laptop - Modelo 522,3328.67
PROD-03826,Kingston Gabinete - Modelo 362,3271.6
PROD-03827,Logitech Webcam - Modelo 863,537.84
PROD-03828,LG Fuente - Modelo 373,2765.29
PROD-03829,LG Auricular - Modelo 115,2346.26
PROD-03830,Razer Teclado - Modelo 618,220.38
PROD-03831,HP Fuente - Modelo 168,1559.37
PROD-03832,LG RAM - Modelo 840,1284.76
PROD-03833,LG Laptop - Modelo 358,2355.64
PROD-03834,Razer Monitor - Modelo 793,195.63
PROD-03835,Kingston Mouse - Modelo 619,3248.87
PROD-03836,ASUS SSD - Modelo 863,3380.7
PROD-03837,Sony Auricular - Modelo 857,4745.07
PROD-03838,HP Mouse - Modelo 258,3546.11
PROD-03839,Sony Laptop - Modelo 342,1770.77
PROD-03840,ASUS RAM - Modelo 382,292.5
PROD-03841,Razer RAM - Modelo 562,3902.46
PROD-03842,Sony Auricular - Modelo 965,3256.18
PROD-03843,Sony Gabinete - Modelo 364,934.63
PROD-03844,Logitech SSD - Modelo 169,4108.62
PROD-03845,Dell SSD - Modelo 521,2617.93
PROD-03846,Dell Gabinete - Modelo 451,4437.86
PROD-03847,Samsung Webcam - Modelo 567,2557.5
PROD-03848,ASUS Fuente - Modelo 481,1631.89
PROD-03849,Kingston Fuente - Modelo 772,1909.97
PROD-03850,HP Gabinete - Modelo 398,1990.68
PROD-03851,ASUS Gabinete - Modelo 691,1776.59
PROD-03852,HP Auricular - Modelo 486,798.02
PROD-03853,Sony Gabinete - Modelo 994,2863.78
PROD-03854,LG Monitor - Modelo 494,530.73
PROD-03855,LG RAM - Modelo 246,3049.83
PROD-03856,HP Teclado - Modelo 598,4938.88
PROD-03857,Samsung Laptop - Modelo 659,2803.56
PROD-03858,Kingston SSD - Modelo 515,253.0
PROD-03859,Corsair Auricular - Modelo 156,2281.52
PROD-03860,ASUS Webcam - Modelo 848,2869.54
PROD-03861,HP Monitor - Modelo 724,4839.01
PROD-03862,Kingston Mouse - Modelo 607,1954.8
PROD-03863,Dell Laptop - Modelo 535,2751.85
PROD-03864,Corsair Gabinete - Modelo 458,3678.85
PROD-03865,Samsung SSD - Modelo 409,4162.42
PROD-03866,Samsung Teclado - Modelo 395,164.57
PROD-03867,LG Fuente - Modelo 500,3253.58
PROD-03868,Logitech Gabinete - Modelo 545,3867.34
PROD-03869,HP Webcam - Modelo 658,4533.33
PROD-03870,HP Teclado - Modelo 717,3412.16
PROD-03871,LG Fuente - Modelo 272,2451.05
PROD-03872,Sony Monitor - Modelo 218,3486.69
PROD-03873,Dell Mouse - Modelo 777,754.43
PROD-03874,Samsung SSD - Modelo 710,1505.5
PROD-03875,ASUS Teclado - Modelo 743,506.33
PROD-03876,ASUS Fuente - Modelo 147,4985.06
PROD-03877,HP Monitor - Modelo 818,1345.11
PROD-03878,Razer Fuente - Modelo 921,4949.27
PROD-03879,Kingston Mouse - Modelo 289,1260.4
PROD-03880,Razer Mouse - Modelo 132,2646.3
PROD-03881,Kingston SSD - Modelo 698,4394.86
PROD-03882,Razer Auricular - Modelo 592,880.73
PROD-03883,LG Monitor - Modelo 508,1322.13
PROD-03884,LG Fuente - Modelo 970,1327.45
PROD-03885,Kingston Teclado - Modelo 948,3643.01
PROD-03886,LG Auricular - Modelo 167,725.57
PROD-03887,ASUS Fuente - Modelo 338,3952.99
PROD-03888,Logitech Auricular - Modelo 937,3922.53
PROD-03889,Samsung Fuente - Modelo 508,1203.72
PROD-03890,Razer SSD - Modelo 941,1870.37
PROD-03891,Kingston Mouse - Modelo 603,4111.34
PROD-03892,Logitech Teclado - Modelo 443,2289.51
PROD-03893,HP Monitor - Modelo 603,4060.53
PROD-03894,Sony Fuente - Modelo 546,3215.18
PROD-03895,Logitech Monitor - Modelo 325,1869.61
PROD-03896,Dell Webcam - Modelo 602,4227.19
PROD-03897,Samsung RAM - Modelo 387,761.48
PROD-03898,LG Mouse - Modelo 737,353.01
PROD-03899,Corsair Auricular - Modelo 880,2002.01
PROD-03900,LG Monitor - Modelo 854,509.31
PROD-03901,Corsair RAM - Modelo 965,3360.28
PROD-03902,Logitech Laptop - Modelo 222,3830.16
PROD-03903,Razer Monitor - Modelo 959,2362.56
PROD-03904,Sony Fuente - Modelo 160,4076.13
PROD-03905,LG SSD - Modelo 587,2085.13
PROD-03906,LG Teclado - Modelo 994,1066.42
PROD-03907,Kingston Monitor - Modelo 482,2163.28
PROD-03908,HP Auricular - Modelo 221,202.28
PROD-03909,Corsair Auricular - Modelo 332,1072.11
PROD-03910,Kingston RAM - Modelo 536,3218.12
PROD-03911,ASUS Fuente - Modelo 598,2115.66
PROD-03912,Razer Monitor - Modelo 911,3736.79
PROD-03913,Kingston Auricular - Modelo 383,811.12
PROD-03914,Sony Gabinete - Modelo 425,4818.66
PROD-03915,Corsair Monitor - Modelo 909,700.67
PROD-03916,Corsair Teclado - Modelo 366,1682.74
PROD-03917,LG Mouse - Modelo 121,847.07
PROD-03918,Kingston Mouse - Modelo 569,71.61
PROD-03919,Samsung Auricular - Modelo 332,1145.43
PROD-03920,ASUS Monitor - Modelo 723,4976.32
PROD-03921,Dell Monitor - Modelo 765,432.13
PROD-03922,ASUS SSD - Modelo 434,1839.06
PROD-03923,Corsair Gabinete - Modelo 410,343.31
PROD-03924,Dell Laptop - Modelo 322,71.73
PROD-03925,Razer Monitor - Modelo 601,2007.23
PROD-03926,ASUS Webcam - Modelo 809,3692.53
PROD-03927,Logitech Auricular - Modelo 752,3834.06
PROD-03928,HP SSD - Modelo 485,2165.59
PROD-03929,HP Webcam - Modelo 599,2412.71
PROD-03930,Razer Auricular - Modelo 929,1693.13
PROD-03931,HP SSD - Modelo 343,668.94
PROD-03932,HP Monitor - Modelo 624,2451.49
PROD-03933,HP Teclado - Modelo 583,2266.67
PROD-03934,Razer RAM - Modelo 646,3351.34
PROD-03935,ASUS Monitor - Modelo 119,2454.1
PROD-03936,Logitech Laptop - Modelo 295,4184.04
PROD-03937,Kingston Laptop - Modelo 840,398.45
PROD-03938,HP Webcam - Modelo 732,634.9
PROD-03939,HP SSD - Modelo 292,3466.37
PROD-03940,Dell Laptop - Modelo 925,2472.26
PROD-03941,Samsung Fuente - Modelo 828,3105.1
PROD-03942,LG Auricular - Modelo 378,1382.64
PROD-03943,Kingston Webcam - Modelo 351,1688.32
PROD-03944,HP Monitor - Modelo 500,3464.89
PROD-03945,Corsair Mouse - Modelo 525,1100.27
PROD-03946,Logitech SSD - Modelo 273,2977.85
PROD-03947,Corsair SSD - Modelo 177,4796.2
PROD-03948,Corsair Auricular - Modelo 859,1415.18
PROD-03949,Sony Mouse - Modelo 305,4226.75
PROD-03950,Samsung Gabinete - Modelo 253,3433.41
PROD-03951,Sony RAM - Modelo 105,647.08
PROD-03952,Dell Gabinete - Modelo 836,2387.26
PROD-03953,Dell Fuente - Modelo 994,1690.31
PROD-03954,Kingston Monitor - Modelo 464,2754.76
PROD-03955,Samsung Auricular - Modelo 209,1742.92
PROD-03956,Razer Webcam - Modelo 797,3474.74
PROD-03957,ASUS Mouse - Modelo 156,603.11
PROD-03958,Logitech Auricular - Modelo 202,2787.63
PROD-03959,Corsair RAM - Modelo 432,3583.63
PROD-03960,Kingston Monitor - Modelo 113,2453.73
PROD-03961,LG RAM - Modelo 358,2693.76
PROD-03962,Razer RAM - Modelo 256,4700.75
PROD-03963,Samsung Laptop - Modelo 291,886.28
PROD-03964,LG Teclado - Modelo 385,391.31
PROD-03965,Razer Auricular - Modelo 174,2078.22
PROD-03966,Logitech SSD - Modelo 169,4785.62
PROD-03967,Corsair Laptop - Modelo 333,1563.03
PROD-03968,Corsair Mouse - Modelo 502,135.82
PROD-03969,HP Auricular - Modelo 835,1881.68
PROD-03970,Logitech Gabinete - Modelo 572,1135.36
PROD-03971,HP Gabinete - Modelo 738,3822.21
PROD-03972,Sony Laptop - Modelo 567,3488.82
PROD-03973,HP Mouse - Modelo 490,4968.16
PROD-03974,ASUS Monitor - Modelo 997,949.12
PROD-03975,HP Auricular - Modelo 786,2372.86
PROD-03976,ASUS Mouse - Modelo 696,3336.07
PROD-03977,Dell Mouse - Modelo 112,4848.92
PROD-03978,Sony Laptop - Modelo 450,753.73
PROD-03979,ASUS Mouse - Modelo 858,2332.07
PROD-03980,LG Laptop - Modelo 907,3594.02
PROD-03981,Corsair Webcam - Modelo 344,2836.78
PROD-03982,Razer Mouse - Modelo 660,2620.39
PROD-03983,Corsair Auricular - Modelo 501,4582.54
PROD-03984,Samsung Gabinete - Modelo 443,4614.82
PROD-03985,Dell Teclado - Modelo 928,3106.81
PROD-03986,Razer Teclado - Modelo 974,1100.76
PROD-03987,Samsung Laptop - Modelo 619,2329.42
PROD-03988,Dell Mouse - Modelo 118,2621.79
PROD-03989,Razer Fuente - Modelo 696,1609.71
PROD-03990,Kingston Laptop - Modelo 243,4688.15
PROD-03991,Kingston SSD - Modelo 990,66.59
PROD-03992,Dell Monitor - Modelo 730,1894.53
PROD-03993,Kingston RAM - Modelo 218,422.48
PROD-03994,Samsung Mouse - Modelo 299,4831.66
PROD-03995,Corsair Mouse - Modelo 462,1844.42
PROD-03996,Corsair Laptop - Modelo 656,1476.63
PROD-03997,Sony Webcam - Modelo 548,734.02
PROD-03998,LG Webcam - Modelo 148,1452.58
PROD-03999,Logitech SSD - Modelo 760,118.5
PROD-04000,Logitech Mouse - Modelo 342,4854.74
PROD-04001,Sony Teclado - Modelo 108,519.7
PROD-04002,HP Webcam - Modelo 906,1464.0
PROD-04003,Samsung Auricular - Modelo 848,1004.03
PROD-04004,Sony Mouse - Modelo 166,2601.47
PROD-04005,Kingston Teclado - Modelo 146,69.32
PROD-04006,Kingston RAM - Modelo 110,3014.42
PROD-04007,LG SSD - Modelo 442,969.67
PROD-04008,Corsair SSD - Modelo 817,4015.49
PROD-04009,Samsung Monitor - Modelo 499,3228.63
PROD-04010,Dell Laptop - Modelo 287,647.65
PROD-04011,Sony Gabinete - Modelo 908,3563.86
PROD-04012,HP Laptop - Modelo 265,2270.8
PROD-04013,Kingston Mouse - Modelo 152,2056.96
PROD-04014,Samsung Monitor - Modelo 329,372.14
PROD-04015,HP Teclado - Modelo 208,769.04
PROD-04016,Razer Mouse - Modelo 230,3497.44
PROD-04017,Razer SSD - Modelo 314,3805.76
PROD-04018,Sony Gabinete - Modelo 173,4414.63
PROD-04019,ASUS Teclado - Modelo 592,1807.32
PROD-04020,HP RAM - Modelo 107,4439.38
PROD-04021,Kingston SSD - Modelo 651,4904.73
PROD-04022,Corsair Laptop - Modelo 392,1174.76
PROD-04023,Razer Monitor - Modelo 933,286.19
PROD-04024,LG Gabinete - Modelo 883,4951.1
PROD-04025,Kingston Laptop - Modelo 739,3115.82
PROD-04026,ASUS Auricular - Modelo 346,618.7
PROD-04027,Sony Auricular - Modelo 487,1558.42
PROD-04028,Corsair Gabinete - Modelo 988,4325.3
PROD-04029,Kingston Auricular - Modelo 977,887.63
PROD-04030,Logitech Auricular - Modelo 333,1461.63
PROD-04031,Sony Gabinete - Modelo 135,3587.95
PROD-04032,Samsung Monitor - Modelo 701,1935.44
PROD-04033,ASUS RAM - Modelo 437,204.68
PROD-04034,Corsair Teclado - Modelo 660,1247.24
PROD-04035,HP SSD - Modelo 828,4954.26
PROD-04036,LG Monitor - Modelo 281,891.28
PROD-04037,LG Monitor - Modelo 617,1698.51
PROD-04038,Sony Mouse - Modelo 760,1158.28
PROD-04039,Sony SSD - Modelo 240,3436.55
PROD-04040,HP Gabinete - Modelo 356,4657.76
PROD-04041,HP Auricular - Modelo 847,1991.84
PROD-04042,Logitech Webcam - Modelo 284,3035.76
PROD-04043,Dell Teclado - Modelo 578,4972.85
PROD-04044,Logitech Fuente - Modelo 476,102.98
PROD-04045,Samsung Auricular - Modelo 620,4162.64
PROD-04046,Logitech Auricular - Modelo 258,4760.19
PROD-04047,Sony SSD - Modelo 273,1468.0
PROD-04048,Logitech Gabinete - Modelo 728,3414.23
PROD-04049,Logitech Monitor - Modelo 983,1194.8
PROD-04050,HP Monitor - Modelo 727,47.09
PROD-04051,Samsung Teclado - Modelo 947,3935.85
PROD-04052,ASUS Teclado - Modelo 374,1584.52
PROD-04053,Samsung Gabinete - Modelo 545,4055.11
PROD-04054,LG Monitor - Modelo 772,3589.13
PROD-04055,ASUS Laptop - Modelo 212,3486.06
PROD-04056,LG Teclado - Modelo 218,4124.5
PROD-04057,Logitech RAM - Modelo 193,800.2
PROD-04058,Razer Teclado - Modelo 890,2078.52
PROD-04059,Logitech Mouse - Modelo 759,1331.88
PROD-04060,Sony Fuente - Modelo 992,4356.36
PROD-04061,HP Teclado - Modelo 714,4278.96
PROD-04062,Dell Monitor - Modelo 151,1629.04
PROD-04063,Dell Monitor - Modelo 135,2821.59
PROD-04064,HP Mouse - Modelo 188,1297.41
PROD-04065,Samsung Fuente - Modelo 999,2226.56
PROD-04066,Kingston Monitor - Modelo 633,4709.48
PROD-04067,Sony Laptop - Modelo 265,665.21
PROD-04068,Sony Webcam - Modelo 349,4841.54
PROD-04069,Samsung Auricular - Modelo 289,1645.08
PROD-04070,Kingston RAM - Modelo 324,2997.55
PROD-04071,LG SSD - Modelo 215,4717.69
PROD-04072,Sony RAM - Modelo 460,537.27
PROD-04073,Dell Teclado - Modelo 490,1107.99
PROD-04074,Samsung Webcam - Modelo 916,987.32
PROD-04075,ASUS Teclado - Modelo 727,3815.14
PROD-04076,Logitech Webcam - Modelo 901,3787.63
PROD-04077,Samsung Laptop - Modelo 755,1609.09
PROD-04078,HP Webcam - Modelo 954,1737.41
PROD-04079,LG Fuente - Modelo 418,4871.14
PROD-04080,ASUS Monitor - Modelo 185,2909.82
PROD-04081,Kingston Monitor - Modelo 124,4478.17
PROD-04082,LG Mouse - Modelo 905,2087.25
PROD-04083,Dell Teclado - Modelo 683,2380.84
PROD-04084,Kingston Monitor - Modelo 956,3662.98
PROD-04085,Dell Gabinete - Modelo 318,2599.04
PROD-04086,Razer Laptop - Modelo 170,2468.54
PROD-04087,Razer Mouse - Modelo 575,2459.47
PROD-04088,LG Webcam - Modelo 588,45.66
PROD-04089,Sony Monitor - Modelo 335,4777.74
PROD-04090,Kingston Webcam - Modelo 651,439.47
PROD-04091,Razer Teclado - Modelo 778,3808.77
PROD-04092,Samsung Laptop - Modelo 103,4019.77
PROD-04093,LG Auricular - Modelo 495,1393.92
PROD-04094,Dell Monitor - Modelo 365,3749.12
PROD-04095,Dell Monitor - Modelo 676,1761.43
PROD-04096,HP Laptop - Modelo 529,4825.26
PROD-04097,Razer Teclado - Modelo 484,663.72
PROD-04098,Sony RAM - Modelo 829,4111.89
PROD-04099,Sony Monitor - Modelo 771,2413.35
PROD-04100,Dell RAM - Modelo 334,631.64
PROD-04101,Sony Monitor - Modelo 978,4571.84
PROD-04102,LG Teclado - Modelo 313,3201.47
PROD-04103,Samsung Teclado - Modelo 362,43.7
PROD-04104,Samsung Mouse - Modelo 435,2763.04
PROD-04105,Dell Monitor - Modelo 801,4106.75
PROD-04106,HP Mouse - Modelo 598,2922.17
PROD-04107,Kingston RAM - Modelo 746,2013.35
PROD-04108,HP Gabinete - Modelo 305,2742.19
PROD-04109,Sony Auricular - Modelo 375,4760.62
PROD-04110,HP Webcam - Modelo 390,2519.27
PROD-04111,Kingston Fuente - Modelo 641,4092.12
PROD-04112,Razer Monitor - Modelo 874,4668.0
PROD-04113,Sony SSD - Modelo 405,1263.33
PROD-04114,Sony Laptop - Modelo 539,2608.54
PROD-04115,Samsung SSD - Modelo 414,2167.22
PROD-04116,Razer SSD - Modelo 798,3390.18
PROD-04117,Sony Laptop - Modelo 405,1305.38
PROD-04118,HP RAM - Modelo 419,483.85
PROD-04119,ASUS Auricular - Modelo 444,3367.9
PROD-04120,Samsung Gabinete - Modelo 655,4267.62
PROD-04121,Samsung Monitor - Modelo 844,1508.49
PROD-04122,Kingston Monitor - Modelo 887,2523.79
PROD-04123,Logitech SSD - Modelo 891,3013.26
PROD-04124,HP Fuente - Modelo 384,2182.12
PROD-04125,Dell Gabinete - Modelo 446,3900.26
PROD-04126,Samsung Monitor - Modelo 319,107.94
PROD-04127,Corsair SSD - Modelo 787,4332.29
PROD-04128,HP RAM - Modelo 965,439.91
PROD-04129,Corsair Auricular - Modelo 442,2783.94
PROD-04130,Dell SSD - Modelo 769,4074.49
PROD-04131,Sony Gabinete - Modelo 219,582.56
PROD-04132,Razer Gabinete - Modelo 111,1847.31
PROD-04133,Sony Gabinete - Modelo 182,3125.87
PROD-04134,Logitech Webcam - Modelo 992,2289.15
PROD-04135,Logitech Teclado - Modelo 303,2354.78
PROD-04136,Sony Teclado - Modelo 447,257.99
PROD-04137,Dell Gabinete - Modelo 830,1961.36
PROD-04138,Corsair SSD - Modelo 900,4033.84
PROD-04139,ASUS Fuente - Modelo 640,4968.38
PROD-04140,Dell Monitor - Modelo 236,3794.92
PROD-04141,LG Auricular - Modelo 646,708.8
PROD-04142,Kingston Teclado - Modelo 207,2818.55
PROD-04143,HP Gabinete - Modelo 113,2301.72
PROD-04144,Dell Teclado - Modelo 620,219.1
PROD-04145,LG Monitor - Modelo 496,3158.06
PROD-04146,HP RAM - Modelo 969,3597.54
PROD-04147,Logitech RAM - Modelo 594,3769.83
PROD-04148,Dell Laptop - Modelo 320,1546.84
PROD-04149,ASUS Fuente - Modelo 293,85.34
PROD-04150,Logitech Mouse - Modelo 454,937.4
PROD-04151,Logitech SSD - Modelo 700,4504.72
PROD-04152,Kingston Gabinete - Modelo 398,3035.2
PROD-04153,Samsung Mouse - Modelo 651,3278.72
PROD-04154,Sony Fuente - Modelo 361,591.94
PROD-04155,Logitech Fuente - Modelo 866,1708.18
PROD-04156,LG Webcam - Modelo 971,878.25
PROD-04157,Samsung Gabinete - Modelo 393,2128.58
PROD-04158,Razer SSD - Modelo 425,2407.12
PROD-04159,Razer Mouse - Modelo 104,2486.99
PROD-04160,Corsair Monitor - Modelo 231,3819.05
PROD-04161,Razer Monitor - Modelo 999,833.59
PROD-04162,Logitech Monitor - Modelo 835,3040.67
PROD-04163,Corsair Auricular - Modelo 395,1354.84
PROD-04164,ASUS RAM - Modelo 654,2037.69
PROD-04165,Kingston Auricular - Modelo 530,4424.22
PROD-04166,ASUS SSD - Modelo 254,3515.77
PROD-04167,HP Webcam - Modelo 776,3436.95
PROD-04168,Corsair Fuente - Modelo 921,3462.51
PROD-04169,ASUS Mouse - Modelo 400,3962.74
PROD-04170,Dell Gabinete - Modelo 390,57.07
PROD-04171,Logitech RAM - Modelo 450,2591.39
PROD-04172,Kingston Auricular - Modelo 192,2036.69
PROD-04173,Sony Gabinete - Modelo 170,413.81
PROD-04174,Sony SSD - Modelo 490,1710.27
PROD-04175,Sony Gabinete - Modelo 811,2744.4
PROD-04176,Logitech Laptop - Modelo 838,2903.68
PROD-04177,Corsair Auricular - Modelo 490,3000.22
PROD-04178,ASUS Laptop - Modelo 488,1067.48
PROD-04179,Corsair SSD - Modelo 159,2883.09
PROD-04180,ASUS SSD - Modelo 355,3094.21
PROD-04181,Sony Laptop - Modelo 275,3213.12
PROD-04182,ASUS RAM - Modelo 276,553.11
PROD-04183,Logitech Fuente - Modelo 558,4279.99
PROD-04184,Sony Fuente - Modelo 641,4361.73
PROD-04185,Razer RAM - Modelo 591,787.82
PROD-04186,Sony RAM - Modelo 140,30.48
PROD-04187,Sony Laptop - Modelo 103,4717.15
PROD-04188,Dell Auricular - Modelo 499,3401.17
PROD-04189,Razer SSD - Modelo 717,4731.11
PROD-04190,Logitech Laptop - Modelo 446,1831.68
PROD-04191,HP Gabinete - Modelo 470,4777.14
PROD-04192,Logitech Laptop - Modelo 906,4015.85
PROD-04193,Kingston Fuente - Modelo 454,1605.03
PROD-04194,Logitech Teclado - Modelo 419,796.11
PROD-04195,LG Laptop - Modelo 814,4990.08
PROD-04196,Sony Auricular - Modelo 473,4288.77
PROD-04197,Samsung Monitor - Modelo 679,2477.64
PROD-04198,Razer RAM - Modelo 973,2312.28
PROD-04199,ASUS Gabinete - Modelo 304,1713.89
PROD-04200,Sony Fuente - Modelo 212,4777.59
PROD-04201,HP Teclado - Modelo 571,4118.89
PROD-04202,LG Auricular - Modelo 414,4824.83
PROD-04203,Dell Gabinete - Modelo 317,2235.03
PROD-04204,Corsair Webcam - Modelo 240,1812.2
PROD-04205,Kingston Monitor - Modelo 904,1414.41
PROD-04206,Corsair Laptop - Modelo 398,4640.59
PROD-04207,Corsair Monitor - Modelo 805,1921.52
PROD-04208,Corsair RAM - Modelo 742,2797.51
PROD-04209,Dell Mouse - Modelo 548,1358.01
PROD-04210,Razer SSD - Modelo 935,1173.63
PROD-04211,Kingston Laptop - Modelo 390,3657.3
PROD-04212,Logitech Auricular - Modelo 673,2053.15
PROD-04213,ASUS Gabinete - Modelo 783,4858.83
PROD-04214,Logitech RAM - Modelo 823,2055.08
PROD-04215,Samsung RAM - Modelo 364,1828.99
PROD-04216,Samsung Laptop - Modelo 604,3338.66
PROD-04217,HP SSD - Modelo 788,1792.01
PROD-04218,Logitech SSD - Modelo 282,2371.86
PROD-04219,Logitech Gabinete - Modelo 368,2106.18
PROD-04220,Kingston Gabinete - Modelo 785,1982.27
PROD-04221,Sony RAM - Modelo 659,4633.16
PROD-04222,Sony Webcam - Modelo 582,539.59
PROD-04223,Logitech RAM - Modelo 281,1059.26
PROD-04224,ASUS Laptop - Modelo 959,2948.07
PROD-04225,Corsair Webcam - Modelo 643,419.84
PROD-04226,Sony SSD - Modelo 582,3282.75
PROD-04227,ASUS Gabinete - Modelo 275,4732.62
PROD-04228,Corsair Teclado - Modelo 841,4394.91
PROD-04229,Logitech Webcam - Modelo 693,3014.44
PROD-04230,Sony Laptop - Modelo 705,4566.86
PROD-04231,LG RAM - Modelo 709,270.82
PROD-04232,Sony Teclado - Modelo 600,1596.49
PROD-04233,ASUS SSD - Modelo 224,1453.15
PROD-04234,Sony Webcam - Modelo 959,998.48
PROD-04235,Kingston Mouse - Modelo 791,3764.75
PROD-04236,Dell Auricular - Modelo 980,666.47
PROD-04237,Logitech Mouse - Modelo 853,2053.18
PROD-04238,LG Webcam - Modelo 407,4879.08
PROD-04239,Samsung Teclado - Modelo 225,2043.34
PROD-04240,HP Webcam - Modelo 495,4206.29
PROD-04241,Corsair Laptop - Modelo 671,1683.33
PROD-04242,LG SSD - Modelo 380,323.24
PROD-04243,Dell Mouse - Modelo 465,3453.86
PROD-04244,Samsung Teclado - Modelo 428,2069.98
PROD-04245,Logitech Gabinete - Modelo 156,1178.35
PROD-04246,Dell Mouse - Modelo 356,243.18
PROD-04247,LG Teclado - Modelo 514,2194.89
PROD-04248,Logitech Fuente - Modelo 875,722.2
PROD-04249,HP Mouse - Modelo 482,1672.56
PROD-04250,Corsair Teclado - Modelo 341,2342.66
PROD-04251,HP Mouse - Modelo 373,2483.26
PROD-04252,Kingston Mouse - Modelo 664,1704.72
PROD-04253,Razer Monitor - Modelo 122,4325.92
PROD-04254,HP SSD - Modelo 399,1719.78
PROD-04255,Sony Auricular - Modelo 821,4507.7
PROD-04256,Dell Monitor - Modelo 560,4574.93
PROD-04257,HP Laptop - Modelo 672,4876.09
PROD-04258,Sony Laptop - Modelo 117,3307.79
PROD-04259,LG Mouse - Modelo 856,1333.35
PROD-04260,Razer Monitor - Modelo 411,893.56
PROD-04261,Logitech Auricular - Modelo 575,2572.06
PROD-04262,Samsung Gabinete - Modelo 376,3773.37
PROD-04263,Kingston Auricular - Modelo 914,4421.24
PROD-04264,LG SSD - Modelo 245,4510.69
PROD-04265,Kingston Webcam - Modelo 850,2758.09
PROD-04266,Razer RAM - Modelo 493,4011.95
PROD-04267,Dell Laptop - Modelo 156,3325.08
PROD-04268,LG Fuente - Modelo 835,121.36
PROD-04269,Dell Gabinete - Modelo 174,3923.14
PROD-04270,Logitech SSD - Modelo 438,1258.2
PROD-04271,Kingston Gabinete - Modelo 387,2813.05
PROD-04272,HP SSD - Modelo 871,3432.24
PROD-04273,Razer Auricular - Modelo 224,4187.68
PROD-04274,HP Gabinete - Modelo 356,3927.89
PROD-04275,Corsair Mouse - Modelo 337,1675.7
PROD-04276,Sony Monitor - Modelo 261,4992.13
PROD-04277,Kingston Webcam - Modelo 457,1344.39
PROD-04278,Razer Monitor - Modelo 778,1677.81
PROD-04279,Samsung Teclado - Modelo 386,3656.53
PROD-04280,Razer Teclado - Modelo 951,1861.7
PROD-04281,Sony Mouse - Modelo 282,1313.52
PROD-04282,Dell SSD - Modelo 264,985.12
PROD-04283,Logitech RAM - Modelo 428,3244.67
PROD-04284,Sony Monitor - Modelo 665,153.06
PROD-04285,Razer Monitor - Modelo 124,396.83
PROD-04286,HP Laptop - Modelo 283,943.55
PROD-04287,Razer Gabinete - Modelo 233,3765.19
PROD-04288,Samsung RAM - Modelo 891,3555.76
PROD-04289,ASUS Teclado - Modelo 945,3030.55
PROD-04290,Logitech Auricular - Modelo 597,1430.93
PROD-04291,Razer Monitor - Modelo 310,1679.98
PROD-04292,Logitech Mouse - Modelo 156,2017.63
PROD-04293,HP Laptop - Modelo 719,417.85
PROD-04294,LG Mouse - Modelo 285,722.58
PROD-04295,Kingston Fuente - Modelo 372,4352.16
PROD-04296,Corsair SSD - Modelo 914,4975.93
PROD-04297,Kingston Fuente - Modelo 904,1202.26
PROD-04298,LG Webcam - Modelo 549,62.43
PROD-04299,ASUS SSD - Modelo 978,2443.75
PROD-04300,Razer Mouse - Modelo 994,1241.79
PROD-04301,Razer Mouse - Modelo 809,4051.01
PROD-04302,ASUS Laptop - Modelo 972,3736.4
PROD-04303,Samsung RAM - Modelo 478,3522.52
PROD-04304,Samsung RAM - Modelo 646,3569.8
PROD-04305,Logitech Fuente - Modelo 326,1118.81
PROD-04306,Samsung Fuente - Modelo 497,3360.59
PROD-04307,Logitech Teclado - Modelo 536,4500.89
PROD-04308,Logitech Monitor - Modelo 466,2230.4
PROD-04309,Corsair Fuente - Modelo 252,2732.0
PROD-04310,Logitech SSD - Modelo 534,3057.29
PROD-04311,Dell Fuente - Modelo 828,1367.88
PROD-04312,Logitech SSD - Modelo 182,357.29
PROD-04313,LG Mouse - Modelo 973,443.24
PROD-04314,ASUS Fuente - Modelo 640,1387.31
PROD-04315,Samsung Auricular - Modelo 309,1553.26
PROD-04316,Corsair Teclado - Modelo 706,2644.43
PROD-04317,Corsair Webcam - Modelo 175,925.12
PROD-04318,LG Auricular - Modelo 314,952.75
PROD-04319,ASUS Fuente - Modelo 795,2196.95
PROD-04320,ASUS Mouse - Modelo 376,2100.98
PROD-04321,Dell Teclado - Modelo 979,3461.37
PROD-04322,Dell Gabinete - Modelo 167,4434.97
PROD-04323,Razer Fuente - Modelo 770,4122.45
PROD-04324,Corsair Auricular - Modelo 462,1790.54
PROD-04325,Dell Gabinete - Modelo 440,3979.84
PROD-04326,Kingston Auricular - Modelo 352,2039.47
PROD-04327,Sony Mouse - Modelo 199,3757.16
PROD-04328,ASUS Laptop - Modelo 264,4852.27
PROD-04329,Corsair Monitor - Modelo 699,3012.69
PROD-04330,Kingston Webcam - Modelo 924,3585.32
PROD-04331,Corsair SSD - Modelo 413,3697.61
PROD-04332,Dell RAM - Modelo 103,4478.91
PROD-04333,HP Webcam - Modelo 986,3673.76
PROD-04334,ASUS Teclado - Modelo 692,3505.71
PROD-04335,Logitech Fuente - Modelo 539,1240.65
PROD-04336,Razer Laptop - Modelo 912,2408.61
PROD-04337,Razer Auricular - Modelo 918,2275.04
PROD-04338,Kingston Auricular - Modelo 508,4081.01
PROD-04339,Logitech Teclado - Modelo 829,4941.98
PROD-04340,Razer Auricular - Modelo 594,2060.56
PROD-04341,Sony SSD - Modelo 616,3612.02
PROD-04342,Logitech SSD - Modelo 594,2509.4
PROD-04343,LG Mouse - Modelo 447,3643.7
PROD-04344,Kingston Mouse - Modelo 994,1339.1
PROD-04345,ASUS Fuente - Modelo 292,4644.67
PROD-04346,Samsung Teclado - Modelo 441,2647.68
PROD-04347,Dell Laptop - Modelo 204,4048.61
PROD-04348,Logitech Teclado - Modelo 331,3496.56
PROD-04349,Dell Mouse - Modelo 504,1014.89
PROD-04350,Dell Teclado - Modelo 817,1291.47
PROD-04351,Sony Webcam - Modelo 792,4069.85
PROD-04352,HP Gabinete - Modelo 416,4310.87
PROD-04353,Dell Gabinete - Modelo 125,3345.94
PROD-04354,Samsung Gabinete - Modelo 650,2999.62
PROD-04355,LG Auricular - Modelo 739,836.54
PROD-04356,LG SSD - Modelo 602,4189.7
PROD-04357,ASUS Teclado - Modelo 789,2878.48
PROD-04358,HP Gabinete - Modelo 443,965.22
PROD-04359,Corsair Monitor - Modelo 469,1947.2
PROD-04360,HP RAM - Modelo 431,3473.7
PROD-04361,Dell SSD - Modelo 221,1607.8
PROD-04362,Dell Teclado - Modelo 249,4467.42
PROD-04363,Logitech Gabinete - Modelo 454,194.06
PROD-04364,Samsung Monitor - Modelo 333,4349.42
PROD-04365,LG Laptop - Modelo 298,632.11
PROD-04366,Corsair Webcam - Modelo 651,3238.77
PROD-04367,Sony Laptop - Modelo 926,292.15
PROD-04368,Corsair SSD - Modelo 637,1814.01
PROD-04369,Razer Webcam - Modelo 187,3080.67
PROD-04370,HP Webcam - Modelo 995,250.89
PROD-04371,Dell Auricular - Modelo 701,4036.29
PROD-04372,Corsair Mouse - Modelo 614,3822.92
PROD-04373,LG Auricular - Modelo 321,1980.0
PROD-04374,LG Laptop - Modelo 875,2794.05
PROD-04375,LG SSD - Modelo 346,3908.6
PROD-04376,Samsung Gabinete - Modelo 604,4313.81
PROD-04377,Logitech Auricular - Modelo 834,4093.76
PROD-04378,Corsair Laptop - Modelo 232,477.52
PROD-04379,Corsair Gabinete - Modelo 454,3059.38
PROD-04380,Kingston Mouse - Modelo 446,1132.1
PROD-04381,Logitech Fuente - Modelo 774,4241.54
PROD-04382,Kingston Mouse - Modelo 920,4549.29
PROD-04383,Kingston Fuente - Modelo 785,4817.78
PROD-04384,ASUS SSD - Modelo 152,3573.99
PROD-04385,LG Mouse - Modelo 346,142.41
PROD-04386,Corsair Auricular - Modelo 547,1368.1
PROD-04387,HP Teclado - Modelo 632,4440.41
PROD-04388,Corsair Teclado - Modelo 931,1187.77
PROD-04389,Sony Webcam - Modelo 439,3409.99
PROD-04390,LG Monitor - Modelo 944,537.8
PROD-04391,Corsair Laptop - Modelo 768,974.71
PROD-04392,Dell Fuente - Modelo 123,2707.88
PROD-04393,ASUS Fuente - Modelo 838,4220.01
PROD-04394,LG Gabinete - Modelo 561,4824.66
PROD-04395,Dell SSD - Modelo 713,1062.1
PROD-04396,Logitech Mouse - Modelo 780,4035.62
PROD-04397,Corsair RAM - Modelo 550,4072.8
PROD-04398,ASUS SSD - Modelo 627,2719.52
PROD-04399,HP Mouse - Modelo 609,1960.55
PROD-04400,Samsung Mouse - Modelo 251,3171.6
PROD-04401,Samsung Monitor - Modelo 997,4307.39
PROD-04402,Samsung Teclado - Modelo 749,462.43
PROD-04403,LG Mouse - Modelo 830,4499.94
PROD-04404,Dell Gabinete - Modelo 294,2768.23
PROD-04405,Samsung Mouse - Modelo 964,2389.99
PROD-04406,LG Mouse - Modelo 554,3677.3
PROD-04407,Kingston Webcam - Modelo 354,1010.75
PROD-04408,LG Gabinete - Modelo 529,1486.81
PROD-04409,Corsair Auricular - Modelo 174,340.06
PROD-04410,HP Fuente - Modelo 892,287.57
PROD-04411,Logitech Teclado - Modelo 163,3208.02
PROD-04412,Samsung Gabinete - Modelo 766,3207.31
PROD-04413,LG Laptop - Modelo 893,4251.55
PROD-04414,Dell Fuente - Modelo 704,2319.99
PROD-04415,LG RAM - Modelo 427,4142.59
PROD-04416,Kingston Monitor - Modelo 526,2615.46
PROD-04417,Corsair Auricular - Modelo 654,4021.73
PROD-04418,Dell Auricular - Modelo 195,1821.76
PROD-04419,Logitech RAM - Modelo 771,895.58
PROD-04420,Samsung Monitor - Modelo 770,4149.79
PROD-04421,HP Mouse - Modelo 165,4842.16
PROD-04422,Kingston Mouse - Modelo 752,3745.34
PROD-04423,Sony Monitor - Modelo 718,3787.38
PROD-04424,Samsung Mouse - Modelo 464,3222.12
PROD-04425,Logitech Fuente - Modelo 777,3736.75
PROD-04426,Razer Webcam - Modelo 151,793.34
PROD-04427,Corsair Laptop - Modelo 603,3506.81
PROD-04428,Razer Laptop - Modelo 881,666.65
PROD-04429,LG Fuente - Modelo 965,1796.86
PROD-04430,Corsair Gabinete - Modelo 431,2491.35
PROD-04431,Dell Monitor - Modelo 709,1211.28
PROD-04432,Sony Laptop - Modelo 402,3331.19
PROD-04433,Samsung Mouse - Modelo 658,4045.32
PROD-04434,Sony Fuente - Modelo 124,2581.04
PROD-04435,Sony Laptop - Modelo 101,3578.06
PROD-04436,Samsung Monitor - Modelo 675,911.45
PROD-04437,LG Webcam - Modelo 816,3333.93
PROD-04438,Corsair Teclado - Modelo 379,642.47
PROD-04439,Corsair SSD - Modelo 105,2414.75
PROD-04440,Corsair RAM - Modelo 544,551.87
PROD-04441,Corsair Teclado - Modelo 161,4462.84
PROD-04442,Dell SSD - Modelo 712,505.37
PROD-04443,HP Gabinete - Modelo 162,3605.93
PROD-04444,Razer Mouse - Modelo 158,1188.87
PROD-04445,Dell Gabinete - Modelo 244,4153.83
PROD-04446,Sony Monitor - Modelo 347,4877.99
PROD-04447,Logitech Gabinete - Modelo 665,2607.07
PROD-04448,ASUS Teclado - Modelo 655,3548.31
PROD-04449,Corsair Auricular - Modelo 901,3987.21
PROD-04450,ASUS Monitor - Modelo 106,1973.78
PROD-04451,HP RAM - Modelo 715,708.07
PROD-04452,Corsair Mouse - Modelo 762,4947.02
PROD-04453,ASUS SSD - Modelo 218,1315.31
PROD-04454,Razer RAM - Modelo 504,4608.95
PROD-04455,HP Laptop - Modelo 443,524.48
PROD-04456,LG Monitor - Modelo 267,3542.43
PROD-04457,Razer SSD - Modelo 690,4608.26
PROD-04458,LG Webcam - Modelo 790,1119.14
PROD-04459,Sony Auricular - Modelo 212,474.16
PROD-04460,Dell RAM - Modelo 556,666.46
PROD-04461,Logitech SSD - Modelo 740,4821.57
PROD-04462,Corsair Laptop - Modelo 971,1158.26
PROD-04463,Razer Auricular - Modelo 899,65.23
PROD-04464,Dell Monitor - Modelo 571,3623.61
PROD-04465,Razer SSD - Modelo 993,4900.91
PROD-04466,LG Auricular - Modelo 270,2027.69
PROD-04467,ASUS Gabinete - Modelo 946,4289.92
PROD-04468,Samsung Gabinete - Modelo 627,2437.65
PROD-04469,Dell Mouse - Modelo 734,4473.69
PROD-04470,Sony SSD - Modelo 573,4756.07
PROD-04471,LG SSD - Modelo 228,1624.96
PROD-04472,Razer Fuente - Modelo 327,2964.34
PROD-04473,Razer Mouse - Modelo 376,4926.25
PROD-04474,Samsung Monitor - Modelo 323,2489.59
PROD-04475,Logitech Gabinete - Modelo 194,1181.59
PROD-04476,Dell Teclado - Modelo 512,4384.94
PROD-04477,HP RAM - Modelo 906,3988.7
PROD-04478,ASUS Mouse - Modelo 802,1890.31
PROD-04479,Sony Gabinete - Modelo 436,3558.21
PROD-04480,Razer SSD - Modelo 465,3028.53
PROD-04481,Samsung RAM - Modelo 280,3004.28
PROD-04482,Razer Teclado - Modelo 662,447.5
PROD-04483,Logitech Auricular - Modelo 552,2495.22
PROD-04484,HP SSD - Modelo 559,4420.44
PROD-04485,Sony Auricular - Modelo 447,2108.14
PROD-04486,Razer Gabinete - Modelo 496,4818.49
PROD-04487,LG SSD - Modelo 418,1505.48
PROD-04488,Razer Gabinete - Modelo 406,732.26
PROD-04489,ASUS Gabinete - Modelo 962,1447.88
PROD-04490,LG Auricular - Modelo 353,2494.14
PROD-04491,Dell SSD - Modelo 462,784.73
PROD-04492,HP Monitor - Modelo 641,886.45
PROD-04493,Samsung SSD - Modelo 366,4510.43
PROD-04494,Corsair Auricular - Modelo 161,745.56
PROD-04495,Sony Auricular - Modelo 609,1172.36
PROD-04496,Logitech Monitor - Modelo 421,3462.1
PROD-04497,Sony Laptop - Modelo 941,735.54
PROD-04498,Logitech Webcam - Modelo 442,821.82
PROD-04499,LG Fuente - Modelo 357,2492.21
PROD-04500,Dell Laptop - Modelo 917,1554.86
PROD-04501,ASUS Teclado - Modelo 585,3543.3
PROD-04502,Kingston Gabinete - Modelo 868,2207.71
PROD-04503,Samsung Gabinete - Modelo 624,2636.85
PROD-04504,Razer Fuente - Modelo 683,2615.37
PROD-04505,ASUS SSD - Modelo 410,4481.41
PROD-04506,HP RAM - Modelo 982,3318.56
PROD-04507,Sony Gabinete - Modelo 921,2977.83
PROD-04508,Samsung Fuente - Modelo 999,808.52
PROD-04509,HP Monitor - Modelo 169,2261.92
PROD-04510,Dell Webcam - Modelo 683,2351.38
PROD-04511,HP Auricular - Modelo 768,4035.12
PROD-04512,LG Webcam - Modelo 460,1900.4
PROD-04513,ASUS Teclado - Modelo 502,3439.3
PROD-04514,HP Laptop - Modelo 319,3532.58
PROD-04515,Sony Mouse - Modelo 851,2552.28
PROD-04516,Kingston Webcam - Modelo 392,390.12
PROD-04517,Samsung Fuente - Modelo 812,1417.48
PROD-04518,Samsung Fuente - Modelo 140,3830.15
PROD-04519,Razer Fuente - Modelo 242,1193.26
PROD-04520,Razer Mouse - Modelo 454,2199.21
PROD-04521,Kingston Mouse - Modelo 199,2447.61
PROD-04522,Kingston Monitor - Modelo 205,4338.7
PROD-04523,Corsair Mouse - Modelo 684,4213.56
PROD-04524,Samsung Mouse - Modelo 961,4308.81
PROD-04525,Kingston Mouse - Modelo 234,2254.1
PROD-04526,HP RAM - Modelo 192,4065.52
PROD-04527,Samsung Webcam - Modelo 438,1670.52
PROD-04528,HP Teclado - Modelo 750,848.37
PROD-04529,Dell Teclado - Modelo 470,1104.38
PROD-04530,Corsair Fuente - Modelo 892,336.64
PROD-04531,Corsair Gabinete - Modelo 312,4721.02
PROD-04532,LG Auricular - Modelo 883,412.06
PROD-04533,LG Auricular - Modelo 686,2886.44
PROD-04534,Kingston Auricular - Modelo 821,1605.18
PROD-04535,ASUS Auricular - Modelo 254,4220.42
PROD-04536,Dell RAM - Modelo 436,2423.71
PROD-04537,Sony Gabinete - Modelo 767,4268.86
PROD-04538,ASUS Gabinete - Modelo 641,2039.13
PROD-04539,ASUS Auricular - Modelo 770,4369.68
PROD-04540,LG Mouse - Modelo 382,4564.75
PROD-04541,Corsair Gabinete - Modelo 312,4693.7
PROD-04542,Samsung SSD - Modelo 643,1833.48
PROD-04543,ASUS Teclado - Modelo 453,1912.34
PROD-04544,Sony Auricular - Modelo 280,369.63
PROD-04545,Logitech Mouse - Modelo 715,1814.09
PROD-04546,Razer Webcam - Modelo 328,2566.94
PROD-04547,Dell Laptop - Modelo 830,1400.64
PROD-04548,HP Auricular - Modelo 456,4498.64
PROD-04549,Corsair Gabinete - Modelo 213,317.25
PROD-04550,Dell Monitor - Modelo 606,814.33
PROD-04551,Logitech Laptop - Modelo 773,4142.57
PROD-04552,Logitech Gabinete - Modelo 204,2966.3
PROD-04553,Razer Webcam - Modelo 168,3262.93
PROD-04554,Sony Auricular - Modelo 405,3619.61
PROD-04555,Samsung Webcam - Modelo 800,702.03
PROD-04556,Sony Webcam - Modelo 733,3602.05
PROD-04557,Razer Auricular - Modelo 133,1723.12
PROD-04558,HP Webcam - Modelo 294,1401.42
PROD-04559,HP Laptop - Modelo 650,1396.1
PROD-04560,Logitech Webcam - Modelo 100,2012.46
PROD-04561,Samsung Monitor - Modelo 826,4432.88
PROD-04562,Logitech Laptop - Modelo 776,2705.28
PROD-04563,Razer Auricular - Modelo 602,1716.79
PROD-04564,Corsair Auricular - Modelo 968,70.2
PROD-04565,HP Mouse - Modelo 130,3290.56
PROD-04566,HP Laptop - Modelo 378,2346.9
PROD-04567,Logitech Teclado - Modelo 776,2830.35
PROD-04568,Dell Monitor - Modelo 943,3937.36
PROD-04569,Samsung Gabinete - Modelo 418,2904.67
PROD-04570,HP Laptop - Modelo 827,3105.39
PROD-04571,Dell Laptop - Modelo 298,700.64
PROD-04572,Corsair Monitor - Modelo 972,1168.04
PROD-04573,Corsair Teclado - Modelo 225,4085.47
PROD-04574,Corsair Teclado - Modelo 722,2679.29
PROD-04575,Kingston Monitor - Modelo 293,118.27
PROD-04576,Samsung SSD - Modelo 957,1236.2
PROD-04577,HP Teclado - Modelo 189,1779.6
PROD-04578,Dell Mouse - Modelo 724,447.84
PROD-04579,Sony Teclado - Modelo 243,3523.93
PROD-04580,ASUS Gabinete - Modelo 935,2538.27
PROD-04581,Kingston Fuente - Modelo 418,3270.95
PROD-04582,Razer Gabinete - Modelo 859,1413.45
PROD-04583,Corsair Fuente - Modelo 744,1356.94
PROD-04584,Corsair Gabinete - Modelo 527,1830.84
PROD-04585,LG RAM - Modelo 892,387.08
PROD-04586,ASUS Monitor - Modelo 551,4819.76
PROD-04587,Logitech RAM - Modelo 843,4894.99
PROD-04588,Razer Webcam - Modelo 422,3870.14
PROD-04589,Corsair Teclado - Modelo 492,2468.35
PROD-04590,LG Webcam - Modelo 163,1366.24
PROD-04591,Razer SSD - Modelo 942,2706.56
PROD-04592,Dell SSD - Modelo 503,2782.34
PROD-04593,Kingston SSD - Modelo 455,720.6
PROD-04594,Dell Mouse - Modelo 290,4529.55
PROD-04595,Sony Webcam - Modelo 744,4968.6
PROD-04596,Kingston Teclado - Modelo 198,293.26
PROD-04597,Corsair Fuente - Modelo 973,1273.39
PROD-04598,LG SSD - Modelo 964,154.08
PROD-04599,Kingston Laptop - Modelo 971,70.88
PROD-04600,Razer Mouse - Modelo 897,2851.35
PROD-04601,LG RAM - Modelo 719,3220.06
PROD-04602,LG Laptop - Modelo 659,4604.62
PROD-04603,HP Mouse - Modelo 217,4289.82
PROD-04604,Razer Gabinete - Modelo 394,4396.73
PROD-04605,LG Fuente - Modelo 208,487.92
PROD-04606,Logitech Monitor - Modelo 117,2469.77
PROD-04607,ASUS SSD - Modelo 368,3388.21
PROD-04608,Razer Laptop - Modelo 510,3610.17
PROD-04609,Kingston RAM - Modelo 803,4591.0
PROD-04610,Corsair Teclado - Modelo 240,3350.76
PROD-04611,Sony Fuente - Modelo 530,2443.98
PROD-04612,Logitech Auricular - Modelo 756,3811.73
PROD-04613,Dell Mouse - Modelo 108,4928.79
PROD-04614,Sony Webcam - Modelo 882,1150.87
PROD-04615,LG Mouse - Modelo 269,2949.45
PROD-04616,ASUS Monitor - Modelo 729,4982.71
PROD-04617,Sony Webcam - Modelo 239,2154.27
PROD-04618,LG Gabinete - Modelo 453,2035.14
PROD-04619,Sony Auricular - Modelo 490,2488.9
PROD-04620,Samsung RAM - Modelo 514,55.87
PROD-04621,ASUS Teclado - Modelo 756,1885.96
PROD-04622,Corsair Teclado - Modelo 820,1078.99
PROD-04623,Logitech Teclado - Modelo 407,3641.17
PROD-04624,Razer Gabinete - Modelo 632,2760.0
PROD-04625,Corsair SSD - Modelo 652,878.8
PROD-04626,Corsair RAM - Modelo 507,2516.26
PROD-04627,LG Fuente - Modelo 376,772.01
PROD-04628,Kingston Mouse - Modelo 290,1075.04
PROD-04629,Logitech Webcam - Modelo 956,2084.84
PROD-04630,Samsung RAM - Modelo 167,3379.66
PROD-04631,LG Mouse - Modelo 716,2233.39
PROD-04632,ASUS Monitor - Modelo 571,4836.51
PROD-04633,Razer Teclado - Modelo 606,3361.67
PROD-04634,HP Gabinete - Modelo 877,4518.04
PROD-04635,Samsung Auricular - Modelo 762,4433.76
PROD-04636,ASUS SSD - Modelo 663,2126.05
PROD-04637,ASUS Auricular - Modelo 480,1267.72
PROD-04638,Corsair Mouse - Modelo 348,254.7
PROD-04639,Corsair Fuente - Modelo 928,131.21
PROD-04640,Samsung Laptop - Modelo 872,4080.57
PROD-04641,Kingston Gabinete - Modelo 171,3225.26
PROD-04642,LG Teclado - Modelo 402,1784.46
PROD-04643,ASUS SSD - Modelo 606,2095.75
PROD-04644,Sony Monitor - Modelo 815,4968.18
PROD-04645,Dell Laptop - Modelo 700,1059.16
PROD-04646,Corsair Webcam - Modelo 575,2358.98
PROD-04647,Corsair Fuente - Modelo 615,80.76
PROD-04648,LG Gabinete - Modelo 587,585.42
PROD-04649,Dell Laptop - Modelo 881,404.88
PROD-04650,Razer Mouse - Modelo 993,4660.19
PROD-04651,Corsair Teclado - Modelo 665,656.52
PROD-04652,Sony Gabinete - Modelo 254,2548.87
PROD-04653,Logitech Gabinete - Modelo 780,1708.12
PROD-04654,HP Fuente - Modelo 486,2260.81
PROD-04655,Samsung Mouse - Modelo 502,4932.58
PROD-04656,Sony Webcam - Modelo 697,4158.48
PROD-04657,Razer Webcam - Modelo 540,3990.65
PROD-04658,Samsung Fuente - Modelo 557,3546.73
PROD-04659,Sony Laptop - Modelo 760,2108.62
PROD-04660,Sony Webcam - Modelo 292,2624.41
PROD-04661,Corsair SSD - Modelo 617,4999.59
PROD-04662,HP Webcam - Modelo 408,3965.79
PROD-04663,ASUS Mouse - Modelo 991,4818.97
PROD-04664,ASUS Webcam - Modelo 782,3366.34
PROD-04665,Kingston SSD - Modelo 580,3784.48
PROD-04666,Kingston RAM - Modelo 317,2864.97
PROD-04667,Kingston Gabinete - Modelo 925,2620.8
PROD-04668,Dell Webcam - Modelo 132,2277.41
PROD-04669,Kingston SSD - Modelo 356,1506.85
PROD-04670,Dell Webcam - Modelo 682,4269.88
PROD-04671,LG RAM - Modelo 365,3867.62
PROD-04672,HP Monitor - Modelo 127,2496.33
PROD-04673,Kingston SSD - Modelo 921,1041.21
PROD-04674,Logitech SSD - Modelo 409,4488.74
PROD-04675,HP Webcam - Modelo 964,771.44
PROD-04676,Corsair RAM - Modelo 785,4993.3
PROD-04677,ASUS Fuente - Modelo 590,4037.43
PROD-04678,Razer Teclado - Modelo 715,1322.03
PROD-04679,ASUS Laptop - Modelo 927,904.3
PROD-04680,Samsung Monitor - Modelo 695,1910.94
PROD-04681,Samsung Mouse - Modelo 291,4509.61
PROD-04682,HP Mouse - Modelo 492,3355.73
PROD-04683,Sony Auricular - Modelo 833,133.09
PROD-04684,Razer Fuente - Modelo 451,3240.43
PROD-04685,Kingston Teclado - Modelo 746,2500.0
PROD-04686,Logitech Mouse - Modelo 122,2361.23
PROD-04687,ASUS Webcam - Modelo 610,94.81
PROD-04688,Kingston RAM - Modelo 441,821.73
PROD-04689,Kingston SSD - Modelo 605,4035.61
PROD-04690,ASUS Fuente - Modelo 698,1868.13
PROD-04691,Kingston RAM - Modelo 304,944.39
PROD-04692,Logitech Monitor - Modelo 268,4232.43
PROD-04693,Logitech Auricular - Modelo 384,2931.4
PROD-04694,Dell Gabinete - Modelo 402,4169.51
PROD-04695,Logitech SSD - Modelo 415,1772.23
PROD-04696,Dell Teclado - Modelo 147,3844.79
PROD-04697,Corsair RAM - Modelo 339,844.73
PROD-04698,Samsung Teclado - Modelo 569,4161.32
PROD-04699,Samsung Monitor - Modelo 605,4911.71
PROD-04700,Sony Mouse - Modelo 237,3797.98
PROD-04701,HP RAM - Modelo 888,1294.22
PROD-04702,ASUS SSD - Modelo 399,3195.45
PROD-04703,Corsair Monitor - Modelo 508,1327.24
PROD-04704,Corsair Mouse - Modelo 229,1118.99
PROD-04705,Corsair Monitor - Modelo 735,2014.02
PROD-04706,ASUS Laptop - Modelo 370,4061.73
PROD-04707,Corsair RAM - Modelo 801,2073.27
PROD-04708,Kingston Webcam - Modelo 519,1034.71
PROD-04709,HP Mouse - Modelo 150,4613.0
PROD-04710,HP Fuente - Modelo 583,281.12
PROD-04711,Razer SSD - Modelo 457,4338.53
PROD-04712,Logitech Monitor - Modelo 950,184.36
PROD-04713,Samsung Gabinete - Modelo 891,3829.24
PROD-04714,Razer Teclado - Modelo 727,3191.99
PROD-04715,Logitech SSD - Modelo 897,3673.36
PROD-04716,Corsair Fuente - Modelo 807,4880.1
PROD-04717,ASUS Teclado - Modelo 549,4917.96
PROD-04718,LG SSD - Modelo 444,4946.7
PROD-04719,Sony SSD - Modelo 791,1712.07
PROD-04720,Corsair Teclado - Modelo 545,4347.13
PROD-04721,LG RAM - Modelo 821,3455.21
PROD-04722,Samsung Monitor - Modelo 596,2091.43
PROD-04723,LG Gabinete - Modelo 466,3031.77
PROD-04724,HP Gabinete - Modelo 323,977.96
PROD-04725,Sony Auricular - Modelo 157,2387.92
PROD-04726,Kingston Teclado - Modelo 680,3865.51
PROD-04727,HP Laptop - Modelo 869,36.34
PROD-04728,LG Monitor - Modelo 410,3249.85
PROD-04729,HP RAM - Modelo 241,1878.59
PROD-04730,ASUS Mouse - Modelo 921,861.16
PROD-04731,Samsung Laptop - Modelo 617,571.2
PROD-04732,HP Auricular - Modelo 713,2217.95
PROD-04733,Razer SSD - Modelo 370,1137.85
PROD-04734,Corsair Auricular - Modelo 559,4874.28
PROD-04735,Logitech RAM - Modelo 196,570.64
PROD-04736,Razer Fuente - Modelo 699,3501.83
PROD-04737,HP Mouse - Modelo 506,2769.27
PROD-04738,Razer Webcam - Modelo 441,3776.29
PROD-04739,Dell Teclado - Modelo 705,3553.72
PROD-04740,Razer Fuente - Modelo 335,4849.35
PROD-04741,Samsung RAM - Modelo 809,1819.54
PROD-04742,Razer Gabinete - Modelo 101,2920.16
PROD-04743,Razer Webcam - Modelo 712,4449.14
PROD-04744,HP RAM - Modelo 253,4965.56
PROD-04745,Dell Mouse - Modelo 836,4503.19
PROD-04746,Razer Teclado - Modelo 504,330.75
PROD-04747,Dell RAM - Modelo 792,2598.0
PROD-04748,Sony RAM - Modelo 543,308.17
PROD-04749,Dell Laptop - Modelo 192,1334.33
PROD-04750,ASUS Auricular - Modelo 670,4444.84
PROD-04751,Samsung SSD - Modelo 614,2600.35
PROD-04752,LG Auricular - Modelo 242,545.63
PROD-04753,ASUS Teclado - Modelo 632,2657.38
PROD-04754,Sony Laptop - Modelo 572,2636.03
PROD-04755,Dell SSD - Modelo 988,3052.52
PROD-04756,Dell Gabinete - Modelo 761,2393.88
PROD-04757,ASUS Gabinete - Modelo 875,3870.17
PROD-04758,Logitech Monitor - Modelo 174,4650.31
PROD-04759,Dell Teclado - Modelo 233,844.86
PROD-04760,Corsair Mouse - Modelo 822,4285.18
PROD-04761,LG Fuente - Modelo 202,4686.86
PROD-04762,LG Monitor - Modelo 939,368.21
PROD-04763,Corsair Teclado - Modelo 217,2340.52
PROD-04764,Kingston Fuente - Modelo 834,1642.69
PROD-04765,Samsung Webcam - Modelo 302,4857.18
PROD-04766,Dell Laptop - Modelo 144,2651.82
PROD-04767,Samsung Teclado - Modelo 423,542.24
PROD-04768,LG Auricular - Modelo 693,876.41
PROD-04769,Razer Gabinete - Modelo 431,59.27
PROD-04770,LG SSD - Modelo 773,33.19
PROD-04771,HP Teclado - Modelo 409,4938.3
PROD-04772,LG Teclado - Modelo 290,2525.33
PROD-04773,Razer Auricular - Modelo 889,3823.35
PROD-04774,LG Teclado - Modelo 999,59.0
PROD-04775,ASUS Gabinete - Modelo 521,2212.71
PROD-04776,HP Teclado - Modelo 651,946.15
PROD-04777,Corsair Monitor - Modelo 551,4190.48
PROD-04778,Dell Teclado - Modelo 688,4368.87
PROD-04779,Sony Auricular - Modelo 645,2762.77
PROD-04780,LG Webcam - Modelo 912,4486.49
PROD-04781,LG Auricular - Modelo 272,626.11
PROD-04782,LG Mouse - Modelo 340,2807.29
PROD-04783,LG Mouse - Modelo 801,3320.21
PROD-04784,Razer Mouse - Modelo 391,573.78
PROD-04785,Dell SSD - Modelo 655,4026.13
PROD-04786,Samsung RAM - Modelo 767,4314.2
PROD-04787,Logitech Monitor - Modelo 487,4036.39
PROD-04788,Razer RAM - Modelo 744,1795.79
PROD-04789,LG Laptop - Modelo 322,3897.37
PROD-04790,Logitech Laptop - Modelo 106,1572.49
PROD-04791,Razer Laptop - Modelo 261,1342.1
PROD-04792,Dell Webcam - Modelo 405,4692.4
PROD-04793,Razer RAM - Modelo 641,722.19
PROD-04794,Sony Gabinete - Modelo 501,4652.84
PROD-04795,Sony Auricular - Modelo 929,1430.0
PROD-04796,Sony Auricular - Modelo 796,33.94
PROD-04797,LG SSD - Modelo 713,2633.93
PROD-04798,Kingston SSD - Modelo 895,1188.78
PROD-04799,Dell Gabinete - Modelo 428,4678.78
PROD-04800,Sony SSD - Modelo 312,1988.09
PROD-04801,Logitech SSD - Modelo 901,3498.89
PROD-04802,Samsung Gabinete - Modelo 902,2566.25
PROD-04803,Sony Auricular - Modelo 585,1088.8
PROD-04804,Logitech Teclado - Modelo 681,4497.17
PROD-04805,LG Auricular - Modelo 792,1462.66
PROD-04806,ASUS Teclado - Modelo 289,3989.65
PROD-04807,Corsair RAM - Modelo 572,4650.41
PROD-04808,Sony Mouse - Modelo 858,1008.28
PROD-04809,Sony Fuente - Modelo 630,1974.89
PROD-04810,Kingston Monitor - Modelo 330,995.96
PROD-04811,Dell Teclado - Modelo 823,2047.81
PROD-04812,Samsung Laptop - Modelo 303,4138.16
PROD-04813,Dell Laptop - Modelo 342,3259.62
PROD-04814,Kingston Monitor - Modelo 755,2515.48
PROD-04815,Razer Gabinete - Modelo 776,1546.24
PROD-04816,Logitech Monitor - Modelo 836,2505.58
PROD-04817,Sony SSD - Modelo 441,1251.16
PROD-04818,LG SSD - Modelo 323,2582.5
PROD-04819,Samsung SSD - Modelo 889,3206.13
PROD-04820,Razer Monitor - Modelo 923,1035.69
PROD-04821,ASUS Webcam - Modelo 341,831.01
PROD-04822,Corsair Mouse - Modelo 256,87.3
PROD-04823,Logitech RAM - Modelo 588,4487.3
PROD-04824,ASUS Auricular - Modelo 139,4377.67
PROD-04825,Sony Fuente - Modelo 518,3485.68
PROD-04826,Corsair Laptop - Modelo 370,3999.44
PROD-04827,Sony Fuente - Modelo 766,894.28
PROD-04828,Kingston Gabinete - Modelo 216,4469.0
PROD-04829,Logitech Auricular - Modelo 304,318.21
PROD-04830,Dell SSD - Modelo 313,1100.43
PROD-04831,ASUS Laptop - Modelo 213,2322.7
PROD-04832,HP Fuente - Modelo 548,2160.97
PROD-04833,Kingston Monitor - Modelo 355,423.44
PROD-04834,Logitech Auricular - Modelo 646,1826.9
PROD-04835,Samsung Monitor - Modelo 470,841.49
PROD-04836,Razer Fuente - Modelo 315,2325.64
PROD-04837,Logitech Fuente - Modelo 860,2165.86
PROD-04838,LG Monitor - Modelo 759,1808.95
PROD-04839,Razer Laptop - Modelo 178,4520.03
PROD-04840,Kingston Teclado - Modelo 366,4955.78
PROD-04841,LG Fuente - Modelo 858,1654.8
PROD-04842,Samsung Monitor - Modelo 330,184.9
PROD-04843,Samsung RAM - Modelo 934,136.89
PROD-04844,Sony Teclado - Modelo 171,2841.58
PROD-04845,Logitech Webcam - Modelo 786,2290.56
PROD-04846,Razer Monitor - Modelo 394,1598.54
PROD-04847,Sony SSD - Modelo 581,256.92
PROD-04848,Corsair Laptop - Modelo 947,3336.57
PROD-04849,Samsung SSD - Modelo 203,2387.62
PROD-04850,LG Teclado - Modelo 514,317.15
PROD-04851,Kingston Gabinete - Modelo 412,3824.76
PROD-04852,Logitech Laptop - Modelo 725,4258.05
PROD-04853,ASUS SSD - Modelo 958,520.49
PROD-04854,Samsung Teclado - Modelo 525,1573.53
PROD-04855,Corsair Monitor - Modelo 271,3728.12
PROD-04856,Logitech SSD - Modelo 927,3898.26
PROD-04857,Razer Fuente - Modelo 714,3816.35
PROD-04858,ASUS Auricular - Modelo 370,4599.68
PROD-04859,Dell Mouse - Modelo 566,2623.39
PROD-04860,Dell Gabinete - Modelo 236,206.63
PROD-04861,LG Mouse - Modelo 164,3086.31
PROD-04862,Kingston RAM - Modelo 917,4337.87
PROD-04863,Kingston Fuente - Modelo 440,2914.04
PROD-04864,HP Teclado - Modelo 338,3807.28
PROD-04865,HP Fuente - Modelo 936,1267.26
PROD-04866,Logitech Webcam - Modelo 525,928.06
PROD-04867,Sony Gabinete - Modelo 516,3485.15
PROD-04868,Razer Teclado - Modelo 846,2773.06
PROD-04869,LG RAM - Modelo 511,850.98
PROD-04870,LG SSD - Modelo 550,1600.91
PROD-04871,ASUS Fuente - Modelo 589,1929.26
PROD-04872,Corsair Teclado - Modelo 167,2971.9
PROD-04873,Razer Fuente - Modelo 507,1335.14
PROD-04874,Razer SSD - Modelo 132,3651.73
PROD-04875,Razer Webcam - Modelo 770,4333.18
PROD-04876,Samsung Monitor - Modelo 966,383.84
PROD-04877,Logitech Fuente - Modelo 949,42.42
PROD-04878,ASUS SSD - Modelo 124,515.85
PROD-04879,Corsair Auricular - Modelo 801,1482.75
PROD-04880,Logitech Webcam - Modelo 707,4512.47
PROD-04881,Kingston SSD - Modelo 250,4327.08
PROD-04882,Kingston Fuente - Modelo 252,1627.62
PROD-04883,Razer Auricular - Modelo 387,3775.05
PROD-04884,Logitech RAM - Modelo 510,344.82
PROD-04885,Kingston Monitor - Modelo 380,4557.32
PROD-04886,Logitech Teclado - Modelo 634,3772.18
PROD-04887,Kingston Gabinete - Modelo 389,4669.79
PROD-04888,Samsung Gabinete - Modelo 839,824.99
PROD-04889,Kingston Fuente - Modelo 762,1371.26
PROD-04890,Corsair Webcam - Modelo 967,4420.41
PROD-04891,Logitech Mouse - Modelo 630,276.93
PROD-04892,Dell Webcam - Modelo 686,3328.87
PROD-04893,Samsung Auricular - Modelo 709,1713.82
PROD-04894,Kingston Webcam - Modelo 681,4826.66
PROD-04895,Dell SSD - Modelo 321,1450.61
PROD-04896,Corsair Monitor - Modelo 296,2190.92
PROD-04897,Logitech Laptop - Modelo 475,96.14
PROD-04898,Samsung Laptop - Modelo 117,1238.9
PROD-04899,Logitech Webcam - Modelo 154,1265.49
PROD-04900,Samsung Teclado - Modelo 845,4524.23
PROD-04901,Razer Webcam - Modelo 766,1088.87
PROD-04902,LG Mouse - Modelo 339,2100.19
PROD-04903,Logitech Laptop - Modelo 453,2524.02
PROD-04904,LG Webcam - Modelo 504,3287.75
PROD-04905,HP RAM - Modelo 282,194.36
PROD-04906,ASUS Mouse - Modelo 365,4241.23
PROD-04907,HP Monitor - Modelo 277,1555.89
PROD-04908,Sony Monitor - Modelo 220,4849.34
PROD-04909,Samsung Teclado - Modelo 982,2522.1
PROD-04910,Logitech SSD - Modelo 538,1325.81
PROD-04911,Samsung Webcam - Modelo 364,3276.93
PROD-04912,Sony Monitor - Modelo 797,912.05
PROD-04913,Sony Webcam - Modelo 869,2327.9
PROD-04914,Corsair RAM - Modelo 475,1999.51
PROD-04915,Razer SSD - Modelo 158,2791.23
PROD-04916,LG Laptop - Modelo 328,4902.7
PROD-04917,Corsair Gabinete - Modelo 678,4474.95
PROD-04918,Corsair Laptop - Modelo 391,1194.42
PROD-04919,Logitech Mouse - Modelo 192,731.26
PROD-04920,Sony RAM - Modelo 108,1714.7
PROD-04921,Samsung Teclado - Modelo 849,3857.37
PROD-04922,Logitech Mouse - Modelo 265,587.7
PROD-04923,Corsair Monitor - Modelo 465,317.89
PROD-04924,Razer Fuente - Modelo 779,532.67
PROD-04925,Sony Mouse - Modelo 548,986.71
PROD-04926,ASUS RAM - Modelo 308,567.4
PROD-04927,Corsair Monitor - Modelo 922,3996.35
PROD-04928,Corsair Fuente - Modelo 746,4843.43
PROD-04929,Corsair Auricular - Modelo 838,3899.15
PROD-04930,Corsair Laptop - Modelo 770,3313.09
PROD-04931,Sony Fuente - Modelo 329,1608.31
PROD-04932,Corsair Monitor - Modelo 212,4365.59
PROD-04933,Sony Monitor - Modelo 809,1864.03
PROD-04934,Logitech Laptop - Modelo 841,2433.0
PROD-04935,Razer Webcam - Modelo 721,195.92
PROD-04936,Corsair Laptop - Modelo 830,3382.71
PROD-04937,Dell Fuente - Modelo 707,2912.34
PROD-04938,Sony Fuente - Modelo 465,4975.19
PROD-04939,Kingston Teclado - Modelo 735,2779.85
PROD-04940,Corsair Monitor - Modelo 478,1914.99
PROD-04941,Samsung RAM - Modelo 471,443.23
PROD-04942,Dell Gabinete - Modelo 207,4092.19
PROD-04943,Razer Mouse - Modelo 257,801.34
PROD-04944,Kingston SSD - Modelo 406,4368.69
PROD-04945,Razer Auricular - Modelo 505,3669.99
PROD-04946,HP Monitor - Modelo 731,4135.36
PROD-04947,Sony Webcam - Modelo 771,2982.85
PROD-04948,Dell Auricular - Modelo 586,2566.24
PROD-04949,Samsung Webcam - Modelo 356,426.02
PROD-04950,Kingston Webcam - Modelo 311,2692.48
PROD-04951,LG RAM - Modelo 588,790.05
PROD-04952,Kingston RAM - Modelo 874,1399.27
PROD-04953,Dell SSD - Modelo 714,2834.35
PROD-04954,ASUS Laptop - Modelo 863,638.24
PROD-04955,Corsair Laptop - Modelo 818,3092.84
PROD-04956,Dell Webcam - Modelo 122,4056.5
PROD-04957,LG RAM - Modelo 578,2404.61
PROD-04958,Razer SSD - Modelo 588,3577.94
PROD-04959,HP Teclado - Modelo 923,918.95
PROD-04960,Logitech Laptop - Modelo 229,104.27
PROD-04961,ASUS Teclado - Modelo 907,56.91
PROD-04962,Dell SSD - Modelo 964,2676.58
PROD-04963,Kingston Gabinete - Modelo 664,630.61
PROD-04964,Dell Teclado - Modelo 251,2215.71
PROD-04965,Logitech Mouse - Modelo 206,4948.58
PROD-04966,Logitech Mouse - Modelo 962,827.35
PROD-04967,HP RAM - Modelo 651,2046.69
PROD-04968,LG RAM - Modelo 712,4813.34
PROD-04969,Dell Gabinete - Modelo 152,4704.16
PROD-04970,Samsung Teclado - Modelo 776,3867.44
PROD-04971,Razer SSD - Modelo 149,4626.26
PROD-04972,Dell Auricular - Modelo 367,1444.89
PROD-04973,ASUS Auricular - Modelo 245,2458.88
PROD-04974,Logitech Laptop - Modelo 223,3254.84
PROD-04975,Kingston Gabinete - Modelo 191,3274.15
PROD-04976,Samsung SSD - Modelo 390,1664.0
PROD-04977,Razer Fuente - Modelo 324,1458.68
PROD-04978,LG Monitor - Modelo 715,3684.19
PROD-04979,ASUS Auricular - Modelo 419,4396.85
PROD-04980,Kingston Gabinete - Modelo 950,1908.49
PROD-04981,LG Monitor - Modelo 967,4729.99
PROD-04982,Logitech Auricular - Modelo 899,2018.94
PROD-04983,Kingston RAM - Modelo 759,1171.91
PROD-04984,Kingston Webcam - Modelo 520,965.34
PROD-04985,Samsung Gabinete - Modelo 472,3643.11
PROD-04986,LG Auricular - Modelo 502,947.75
PROD-04987,HP Fuente - Modelo 311,3240.82
PROD-04988,LG RAM - Modelo 640,269.75
PROD-04989,HP Auricular - Modelo 268,3345.61
PROD-04990,Samsung Auricular - Modelo 682,4509.44
PROD-04991,Sony Gabinete - Modelo 139,4149.74
PROD-04992,Dell Laptop - Modelo 314,1636.52
PROD-04993,HP Webcam - Modelo 346,1382.73
PROD-04994,Sony SSD - Modelo 585,4612.07
PROD-04995,LG Mouse - Modelo 207,3115.1
PROD-04996,LG Mouse - Modelo 728,4646.93
PROD-04997,Kingston Monitor - Modelo 522,4283.92
PROD-04998,HP Fuente - Modelo 827,1352.6
PROD-04999,LG Monitor - Modelo 193,3282.38
PROD-05000,Razer Auricular - Modelo 239,410.36
